youtube;0.01700656595899544
young;0.023806574054959492
wri;0.02064475034966868
would;0.03654833688222699
world;0.01319259921210735
working;0.018274168441113493
work;0.049063268752194494
wish;0.019516246622688978
whose;0.02064475034966868
whher;0.018274168441113493
welcome;0.04128950069933736
web;0.011289381426143856
vitae;0.02064475034966868
visa applican;0.02064475034966868
visa;0.04153422676111389
via;0.03230293182316283
upload;0.039740072581369766
upc;0.02107179098039369
un;0.019870036290684883
twoy;0.025362118412664204
two;0.01489126287339339
twit linkedin;0.04630886202672443
twit;0.02543247705344985
tuin iver;0.023154431013362214
tuin;0.024763164419399707
transcript;0.05482250532334049
training;0.070942399416448
top;0.05101969787698632
talend student;0.026316254718653027
talend;0.023806574054959492
take;0.03190990617107004
switzerland;0.023806574054959492
suvisor;0.02453560795007605
sustainability;0.019870036290684883
surinam;0.026316254718653027
sure;0.043060984425366995
suprt;0.038495807972435125
submitting;0.018274168441113493
submitd applican;0.025362118412664204
submitd;0.017999028295240926
submit applican;0.03836318061132781
submit;0.04281534865328891
subject change;0.025362118412664204
subject;0.015056329565195752
study;0.11022161478550078
student alumnus;0.022564495873384008
student;0.10935591758147949
stipend;0.016151465911581415
status;0.08867799927056
stament;0.05244877993313359
stal;0.017482926644377863
sta;0.016781463548123175
srt;0.05101969787698632
specifically;0.025362118412664204
specific;0.017999028295240926
sp;0.21282719824934399
sonal circutance;0.023154431013362214
sonal;0.038148715580174776
social medium;0.017735599854112
social;0.009027319146170299
skip in connt;0.01700656595899544
skip in;0.01700656595899544
skip;0.014730484116719447
share;0.01656426111804296
several;0.021530492212683498
sepmber;0.01576448777741996
selecn;0.06381981234214008
selecd;0.05101969787698632
see;0.030800573222818678
security;0.017482926644377863
school;0.013983841008842979
scholarship skip in;0.025362118412664204
scholarship skip;0.025362118412664204
scholarship selecn;0.026316254718653027
scholarship read;0.026316254718653027
scholarship ofr;0.02107179098039369
scholarship me;0.021530492212683498
scholarship funded;0.022564495873384008
scholarship fund;0.023806574054959492
scholarship compitive;0.023806574054959492
scholarship applican form;0.025362118412664204
scholarship applican;0.070942399416448
scholarship amount;0.025362118412664204
scholarship;0.39834207891823387
rurn;0.019181590305663906
rult;0.01700656595899544
role;0.026316254718653027
rerence;0.05659231074327511
reree;0.2546987411469844
requirements;0.039032493245377956
requirement;0.02978252574678678
require;0.019181590305663906
requir;0.04049056103561107
remember;0.025362118412664204
relevant;0.016354422917398165
relanship;0.026316254718653027
rejecd;0.09025798349353603
registrar;0.047613148109918985
regis;0.06459147663805048
refugee status;0.022564495873384008
refugee;0.043060984425366995
ree;0.012168125397955016
redence;0.0490712159001521
recondan;0.022025927286382516
recognin;0.04128950069933736
receiving;0.019181590305663906
receive;0.030112659130391503
read;0.016781463548123175
rch;0.05784330205714316
ranking;0.019516246622688978
quality;0.017999028295240926
qualified;0.023154431013362214
publican;0.02107179098039369
prs;0.022564495873384008
prove;0.019181590305663906
prospective student;0.020245280517805535
prospective;0.03599805659048185
proof;0.017999028295240926
profsor;0.0760863552379926
profonal;0.016781463548123175
procedure;0.08390731774061587
privacy;0.024763164419399707
prior;0.023154431013362214
print;0.021530492212683498
prerence;0.023154431013362214
prepared;0.026316254718653027
place;0.017999028295240926
phd;0.055935364035371915
pdf;0.017482926644377863
partnership;0.019870036290684883
participating;0.04214358196078738
part;0.01700656595899544
paid;0.08282130559021479
page;0.027151170643102105
outde;0.05854873986806693
order prove;0.022564495873384008
order;0.049063268752194494
open;0.013708700862970411
online;0.011289381426143856
oney;0.019181590305663906
one following;0.021530492212683498
one;0.06301332036064572
ofr;0.014573776148821185
office;0.01595495308553502
obtaining;0.023154431013362214
obtained;0.020245280517805535
number;0.04729346333225987
ntial;0.25371120609495673
no;0.11075793802963703
nherlands;0.11709747973613387
newsl;0.020245280517805535
news event;0.022025927286382516
news;0.03115941771682874
need;0.039952939735322435
ndatory;0.021530492212683498
nanality country;0.045128991746768016
nanality;0.039032493245377956
multiple;0.026316254718653027
motivan;0.08810370914553006
mit;0.0490712159001521
ministry educan;0.025362118412664204
ministry;0.019870036290684883
menu;0.01020655786303139
member;0.019181590305663906
medium;0.01656426111804296
medical;0.016354422917398165
me following;0.02453560795007605
me;0.042378413145079646
luding;0.03356292709624635
lude;0.0188641035810917
ls;0.02107179098039369
longer;0.0490712159001521
log;0.047613148109918985
living expense;0.02107179098039369
living;0.014730484116719447
list eligible;0.026316254718653027
list;0.03599805659048185
linkedin;0.03654833688222699
library;0.037124220633400304
li;0.014271782884429637
latt;0.039032493245377956
joint;0.021530492212683498
job;0.01700656595899544
iver;0.02107179098039369
iod;0.018562110316700152
int average;0.025362118412664204
int;0.016151465911581415
insurance;0.016151465911581415
institunal;0.026316254718653027
institun;0.014573776148821185
institu;0.01700656595899544
instagram;0.01557970885841437
innovan;0.01595495308553502
in connt;0.01700656595899544
in;0.00915494498957097
imrtant;0.018562110316700152
ie;0.017240164780412983
id;0.019870036290684883
however;0.018274168441113493
honour;0.022564495873384008
holland scholarship;0.05072423682532841
holland;0.07141972216487848
hold;0.03356292709624635
highly;0.02064475034966868
higher educan;0.01595495308553502
higher;0.014271782884429637
high;0.03401313191799088
help;0.015400286611409339
heal;0.014271782884429637
head;0.05072423682532841
handling;0.09025798349353603
guide;0.03654833688222699
gradua school;0.02107179098039369
gradua;0.014126137715026549
grade int average;0.025362118412664204
grade int;0.025362118412664204
grade;0.04128950069933736
gn;0.012949837348142467
give;0.017999028295240926
general;0.010682918548413814
funded;0.017999028295240926
fund;0.01700656595899544
funcn;0.019870036290684883
fulltime;0.017999028295240926
full;0.02884187582331749
former;0.025362118412664204
form;0.04033581726552445
for;0.017240164780412983
following;0.055935364035371915
follow;0.039740072581369766
first class;0.025362118412664204
first;0.014271782884429637
finish;0.025362118412664204
financial difficulty;0.022564495873384008
financial;0.04620085983422802
final;0.012831935990811706
fill;0.043060984425366995
family;0.04214358196078738
faculty;0.08428716392157476
facility;0.0490712159001521
facebook twit linkedin;0.023154431013362214
facebook twit;0.017240164780412983
facebook instagram;0.023154431013362214
facebook;0.023722276958621804
expense;0.019516246622688978
exience;0.01319259921210735
exchange;0.039032493245377956
excellent;0.017735599854112
excellence;0.08999514147620463
event;0.05034439064436952
european;0.018562110316700152
eu;0.0188641035810917
erefore;0.019516246622688978
entry;0.017482926644377863
entire;0.022564495873384008
ent;0.03654833688222699
ensure;0.070942399416448
end;0.0188641035810917
employer;0.02107179098039369
eligible;0.051327743963246825
eil addrs;0.043060984425366995
eil;0.025899674696284933
educan rch;0.02453560795007605
educan;0.07428949325819913
edback;0.022564495873384008
dutch;0.07141972216487848
duran;0.034965853288755726
double;0.025362118412664204
doe;0.01656426111804296
document;0.04567775757125539
dk;0.3550696577772989
diverty;0.02453560795007605
disclaimer;0.025362118412664204
disability;0.025362118412664204
directly;0.017735599854112
difficulty;0.021530492212683498
destra;0.019181590305663906
department;0.045128991746768016
deadline;0.0263851984242147
data;0.01595495308553502
dails;0.019516246622688978
dail;0.06896065912165193
cyber security;0.020245280517805535
cyber;0.018562110316700152
cv;0.022025927286382516
curriculum vitae;0.02064475034966868
curriculum;0.018274168441113493
culture;0.01595495308553502
cover;0.017999028295240926
course;0.013317646578440812
country;0.03957779763632205
counican;0.04405185457276503
cost;0.06305795110967984
corra;0.023806574054959492
contains;0.022564495873384008
contact dail;0.06607778185914755
contact;0.04479608079710749
consts;0.022564495873384008
connt;0.013844742253704629
condin;0.01656426111804296
condered;0.016151465911581415
compled;0.017735599854112
comple submit;0.022025927286382516
comple;0.06305795110967984
compitive;0.03654833688222699
comnent;0.025362118412664204
code;0.025362118412664204
classroom;0.02453560795007605
class;0.035471199708224
circutance;0.023154431013362214
check whher;0.02453560795007605
check;0.07612959595209232
changed;0.0188641035810917
change;0.01557970885841437
certified;0.04630886202672443
centre;0.017999028295240926
career;0.03654833688222699
candida;0.02914755229764237
calendar;0.026316254718653027
bruary;0.10122640258902767
blog;0.019516246622688978
benefit;0.016151465911581415
beginning;0.022564495873384008
begin;0.055686330950100456
bank account;0.02453560795007605
bank;0.01700656595899544
bachelor;0.016354422917398165
average;0.021530492212683498
august;0.017482926644377863
arrival;0.02107179098039369
arded;0.05829510459528474
ard;0.03045183838083693
april;0.022025927286382516
approved;0.05854873986806693
apply;0.021871183516295897
applied;0.05829510459528474
applicants;0.018274168441113493
applicant whose;0.023154431013362214
applicant;0.07629743116034955
applican procedure;0.04214358196078738
applican no;0.022564495873384008
applican form;0.04673912657524311
applican deadline;0.03599805659048185
applican comple;0.02453560795007605
applican;0.17918432318842997
applicable;0.021530492212683498
amount;0.06321537294118107
ambassador;0.02107179098039369
alumnus;0.03401313191799088
aimed;0.022025927286382516
aid;0.02107179098039369
age;0.017735599854112
ag top;0.025362118412664204
ag;0.02064475034966868
admitd;0.017999028295240926
admison procedure;0.026316254718653027
admison;0.10311338881703612
addrs;0.08282130559021479
account;0.04969278335412888
accept;0.017999028295240926
accbility;0.03230293182316283
academy;0.025362118412664204
academic transcript;0.02453560795007605
academic excellence;0.08257900139867472
academic;0.10951312858159515
abroad;0.03312852223608592
able;0.016781463548123175
