would like;0.023699872210814207
would;0.018192263020014816
world bank free;0.024425638552150294
world bank;0.023699872210814207
world;0.013133469550621757
work exience;0.023699872210814207
work;0.03256224371714683
wiout;0.03956195627529774
whole;0.026198304403626815
whher;0.018192263020014816
wer plc gradua;0.024425638552150294
wer plc;0.024425638552150294
wer;0.023050652095675157
visa course contact;0.02524844456779199
visa course;0.02524844456779199
visa;0.01378268966576081
view scholarship previous;0.024425638552150294
view scholarship;0.024425638552150294
view;0.034325787595132634
use;0.014508456007096895
usa gerny mexico;0.02524844456779199
usa gerny;0.02524844456779199
usa brazil australia;0.02524844456779199
usa brazil;0.02524844456779199
usa australia china;0.02524844456779199
usa australia;0.023699872210814207
usa;0.06046362152358349
upda scholarship blog;0.02524844456779199
upda scholarship;0.02143399184185545
upda;0.01649001955753455
undertake;0.017162893797566317
uk france gerny;0.024425638552150294
uk france;0.024425638552150294
uk;0.05148868139269895
twe scholarshipsads recent;0.024425638552150294
twe scholarshipsads;0.024425638552150294
twe;0.021927206359337686
tuin;0.03697826265889518
trainee sep data;0.02524844456779199
trainee sep;0.024425638552150294
trainee;0.024425638552150294
track;0.023050652095675157
topic profonal exam;0.02524844456779199
topic profonal;0.02524844456779199
topic;0.018779554051386024
taught;0.015883442463572033
talent scholarship;0.021927206359337686
talent;0.021927206359337686
take;0.015883442463572033
tablished;0.038857548333050156
sysm;0.014664461604753709
sydney next;0.024425638552150294
sydney;0.04885127710430059
switzerland;0.04739974442162841
sure;0.02143399184185545
suprt;0.025548845667378202
succsful;0.018192263020014816
succs;0.02524844456779199
subjects following subject;0.02524844456779199
subjects following;0.02524844456779199
subjects;0.022463361064303945
subject ree bachelor;0.02524844456779199
subject ree;0.02524844456779199
subject available study;0.05049688913558398
subject available;0.04739974442162841
subject;0.04496653980979335
studying medicine europe;0.02524844456779199
studying medicine;0.02524844456779199
studying;0.014824519745777668
study scholarship;0.04030908101572233
study;0.06583655874017116
students engineering chnology;0.02524844456779199
students engineering;0.02524844456779199
students;0.052533878202487026
student scholarship;0.0190956177900668
student recruitment;0.02524844456779199
student oprtunity;0.02143399184185545
student;0.09797920270152134
strong;0.023699872210814207
stgradua rch;0.02097734652350286
stgradua;0.01569383082720221
stdoctoral rcher;0.026198304403626815
stdoctoral;0.022463361064303945
starting;0.0329800391150691
st view scholarship;0.024425638552150294
st view;0.024425638552150294
st scholarship home;0.024425638552150294
st scholarship;0.04885127710430059
st;0.040544217311361375
sse;0.026198304403626815
srt io lab;0.02524844456779199
srt io;0.024425638552150294
srt;0.01693034197371247
spirit;0.024425638552150294
sp;0.017656108315048557
sonal;0.03797773178827001
social;0.008986858406277162
show;0.03638452604002963
short;0.018779554051386024
share st view;0.024425638552150294
share st;0.024425638552150294
share share share;0.05049688913558398
share share scholarship;0.02524844456779199
share share;0.07109961663244263
share scholarship right;0.02524844456779199
share scholarship;0.02524844456779199
share;0.08245009778767275
sep data li;0.02524844456779199
sep data;0.02524844456779199
sep;0.0411044398057251
security;0.017404567594910887
scholarshipsads scholarship dcripn;0.024425638552150294
scholarshipsads scholarship;0.024425638552150294
scholarshipsads right developed;0.02524844456779199
scholarshipsads right;0.02524844456779199
scholarshipsads recent upda;0.02524844456779199
scholarshipsads recent;0.024425638552150294
scholarshipsads;0.07327691565645089
scholarships;0.029328923209507418
scholarship students engineering;0.02524844456779199
scholarship students;0.023050652095675157
scholarship student scholarship;0.02524844456779199
scholarship student;0.017656108315048557
scholarship scholarship;0.031766884927144065
scholarship right scholarshipsads;0.02524844456779199
scholarship right;0.024425638552150294
scholarship quick link;0.02524844456779199
scholarship quick;0.02524844456779199
scholarship previous achievement;0.024425638552150294
scholarship previous;0.024425638552150294
scholarship online;0.12624222283895994
scholarship nherlands;0.024425638552150294
scholarship home scholarship;0.02524844456779199
scholarship home;0.023050652095675157
scholarship ed;0.023699872210814207
scholarship dcripn;0.024425638552150294
scholarship blog view;0.02524844456779199
scholarship blog;0.022463361064303945
scholarship benefits;0.024425638552150294
scholarship allows;0.024425638552150294
scholarship account privacy;0.02524844456779199
scholarship account;0.02524844456779199
scholarship;0.4822986851538895
sch st scholarship;0.024425638552150294
sch st;0.024425638552150294
sch;0.012774422833689101
sble;0.03386068394742494
save;0.02055221990286255
rwick;0.026198304403626815
rust iron aug;0.02524844456779199
rust iron;0.02524844456779199
rust;0.02524844456779199
rult;0.01693034197371247
roughout;0.023699872210814207
rking;0.017162893797566317
right scholarshipsads right;0.02524844456779199
right scholarshipsads;0.02524844456779199
right developed srt;0.02524844456779199
right developed;0.02524844456779199
right;0.04599378606821577
requt;0.018779554051386024
remo;0.023699872210814207
regional;0.01791835606128187
ree one;0.026198304403626815
ree level;0.01978097813764887
ree bachelor phd;0.02524844456779199
ree bachelor;0.02524844456779199
ree;0.048454349846549116
recruitment;0.02055221990286255
record;0.05049688913558398
recent upda scholarship;0.02524844456779199
recent upda;0.02524844456779199
recent topic profonal;0.02524844456779199
recent topic;0.02524844456779199
recent;0.04030908101572233
reach;0.024425638552150294
rcher;0.01693034197371247
rch oprtunity;0.02097734652350286
rch asstant remo;0.024425638552150294
rch asstant;0.024425638552150294
rch;0.034550427890406146
quick link usa;0.02524844456779199
quick link latt;0.02524844456779199
quick link;0.05049688913558398
quick;0.04610130419135031
queensland;0.026198304403626815
proven;0.04492672212860789
proof;0.01791835606128187
profonals;0.02524844456779199
profonal exam visa;0.02524844456779199
profonal exam;0.02524844456779199
profonal;0.08353124239606864
producn;0.026198304403626815
procs;0.016281121858573416
procedure;0.016706248479213728
procd st scholarship;0.024425638552150294
procd st;0.024425638552150294
procd;0.023050652095675157
privacy licy blog;0.02524844456779199
privacy licy;0.013921164975725684
privacy;0.01232608755296506
priva;0.04492672212860789
previous achievement scholarship;0.02524844456779199
previous achievement;0.024425638552150294
previous;0.03583671212256374
pple;0.01649001955753455
plc gradua engineering;0.024425638552150294
plc gradua;0.024425638552150294
plc;0.024425638552150294
phd canada usa;0.02524844456779199
phd canada;0.02524844456779199
phd buns;0.024425638552150294
phd;0.027842329951451368
pason;0.023050652095675157
pas;0.024425638552150294
parttime rch asstant;0.024425638552150294
parttime rch;0.024425638552150294
parttime;0.0190956177900668
particularly;0.023699872210814207
partial funding;0.05049688913558398
partial;0.05049688913558398
part;0.01693034197371247
pa;0.01649001955753455
outstanding;0.03583671212256374
oprtunity;0.041763494927177056
open student;0.0190956177900668
open;0.027294516033985472
online study;0.02055221990286255
online course aug;0.02524844456779199
online course;0.023699872210814207
online;0.1461041666379179
one largt;0.026198304403626815
one;0.012546178519250545
ofr;0.02901691201419379
oct my studying;0.02524844456779199
oct my;0.02524844456779199
oct;0.18959897768651365
oceania country arding;0.02524844456779199
oceania country;0.02524844456779199
oceania;0.022463361064303945
number;0.01569383082720221
ntial;0.038857548333050156
nt;0.029649039491555337
nherlands;0.038857548333050156
ngare;0.05239660880725363
next;0.01569383082720221
need;0.013257956450566292
nanality country african;0.02524844456779199
nanality country;0.022463361064303945
nanality;0.019428774166525078
nagement;0.11026151732608648
my studying medicine;0.02524844456779199
my studying;0.02524844456779199
my;0.02524844456779199
motivan;0.021927206359337686
mobility;0.022463361064303945
mexico france italy;0.02524844456779199
mexico france;0.02524844456779199
mexico;0.016281121858573416
merit;0.02524844456779199
medicine europe sep;0.02524844456779199
medicine europe;0.02524844456779199
medicine;0.0190956177900668
looking;0.017656108315048557
long;0.022463361064303945
logistics;0.024425638552150294
lning;0.04823722353809964
litical aug;0.024425638552150294
litical;0.018779554051386024
link usa australia;0.02524844456779199
link usa;0.02524844456779199
link latt scholarship;0.02524844456779199
link latt;0.02524844456779199
link;0.027842329951451368
like;0.02055221990286255
licy blog recent;0.02524844456779199
licy blog;0.02524844456779199
licy;0.012113587461637279
li world bank;0.02524844456779199
li world;0.02524844456779199
li;0.042623448859203356
level field;0.024425638552150294
level;0.06757369551893563
leadership;0.038857548333050156
le;0.023699872210814207
latt scholarship account;0.02524844456779199
latt scholarship;0.02524844456779199
latt;0.019428774166525078
largt;0.02524844456779199
large;0.023699872210814207
lab quick link;0.02524844456779199
lab quick;0.02524844456779199
lab;0.018779554051386024
ke sure;0.023699872210814207
ke;0.048843365575720256
join scholarshipsads scholarship;0.024425638552150294
join scholarshipsads;0.024425638552150294
join;0.0190956177900668
job;0.01693034197371247
italy sch st;0.02524844456779199
italy sch;0.02524844456779199
italy;0.019428774166525078
iron aug parttime;0.024425638552150294
iron aug;0.024425638552150294
iron;0.024425638552150294
io lab quick;0.02524844456779199
io lab;0.02524844456779199
io;0.013514739103787126
int;0.016079074512699878
innovative;0.026198304403626815
inlligence;0.0751182162055441
ink;0.04739974442162841
industry;0.021927206359337686
individual;0.01569383082720221
improve;0.01791835606128187
huge;0.026198304403626815
home scholarship;0.023699872210814207
home eligible nanality;0.02524844456779199
home eligible;0.02524844456779199
home;0.025783591506554373
high;0.050791025921137406
help;0.015331262022738589
grow;0.023699872210814207
gradua engineering trainee;0.024425638552150294
gradua engineering;0.024425638552150294
gradua;0.05625129561365807
gold rust iron;0.02524844456779199
gold rust;0.02524844456779199
gold;0.024425638552150294
global;0.013385010270759425
give;0.01791835606128187
gerny usa brazil;0.02524844456779199
gerny usa;0.02524844456779199
gerny mexico france;0.02524844456779199
gerny mexico;0.02524844456779199
gerny;0.2517281582820343
gern;0.07859491321088045
funding tuin;0.022463361064303945
funding scholarship;0.02524844456779199
funding;0.03101976018671948
full;0.01435630279591608
free online course;0.02524844456779199
free online;0.024425638552150294
free;0.019428774166525078
france italy sch;0.02524844456779199
france italy;0.02524844456779199
france gerny usa;0.02524844456779199
france gerny;0.023050652095675157
france;0.04030908101572233
following subject available;0.02524844456779199
following subject;0.02524844456779199
following;0.013921164975725684
financial;0.015331262022738589
finance;0.06772136789484988
fill;0.02143399184185545
field;0.03101976018671948
family;0.02097734652350286
faer litical aug;0.024425638552150294
faer litical;0.024425638552150294
faer;0.024425638552150294
ext;0.021927206359337686
expect;0.02524844456779199
exience;0.03940040865186527
executive;0.022463361064303945
except;0.05049688913558398
excellent;0.035312216630097114
excellence;0.01791835606128187
exam visa course;0.02524844456779199
exam visa;0.02524844456779199
exam;0.023050652095675157
european country oceania;0.02524844456779199
european country;0.022463361064303945
european;0.018478914330690252
europe sep;0.024425638552150294
europe;0.01791835606128187
euro;0.02524844456779199
eur;0.02055221990286255
erasmus;0.016706248479213728
environment aug gold;0.02524844456779199
environment aug;0.02524844456779199
environment;0.03583671212256374
engineering trainee sep;0.024425638552150294
engineering trainee;0.024425638552150294
engineering nagement;0.09770255420860118
engineering chnology chnology;0.024425638552150294
engineering chnology;0.023699872210814207
engineering;0.10155919204967825
eligible scholarship;0.02143399184185545
eligible nanality country;0.02524844456779199
eligible nanality;0.02524844456779199
eligible;0.025548845667378202
eligibility;0.014508456007096895
eil procd st;0.024425638552150294
eil procd;0.024425638552150294
eil;0.012891795753277186
eier;0.01978097813764887
educan;0.01232608755296506
ed help;0.022463361064303945
ed;0.018478914330690252
ects;0.10479321761450726
discuson;0.023699872210814207
developed srt io;0.024425638552150294
developed srt;0.024425638552150294
developed;0.023699872210814207
develop;0.01791835606128187
destra;0.0381912355801336
deadline scholarship;0.024425638552150294
deadline;0.013133469550621757
dcripn;0.022463361064303945
dc;0.018192263020014816
data li world;0.02524844456779199
data li;0.02524844456779199
data;0.15883442463572034
cyber security;0.020154540507861165
cyber;0.018478914330690252
cultural;0.018192263020014816
covid;0.014824519745777668
course contact;0.023699872210814207
course aug aristotle;0.02524844456779199
course aug;0.02524844456779199
course;0.039773869351698875
country uk france;0.02524844456779199
country uk;0.02143399184185545
country oceania country;0.02524844456779199
country oceania;0.02524844456779199
country european country;0.02524844456779199
country european;0.02524844456779199
country arding country;0.02524844456779199
country arding;0.02524844456779199
country african country;0.02524844456779199
country african;0.02524844456779199
country;0.06566734775310878
corra;0.023699872210814207
core;0.02143399184185545
contribun;0.024425638552150294
contribu;0.0190956177900668
continuing;0.023699872210814207
contact eil procd;0.02524844456779199
contact eil;0.023050652095675157
contact;0.022297651648360253
compu;0.06865157519026527
compled;0.017656108315048557
comple;0.01569383082720221
college;0.015157676122235949
class;0.017656108315048557
chosen;0.019428774166525078
chnology sydney next;0.024425638552150294
chnology sydney;0.024425638552150294
chnology chnology sydney;0.024425638552150294
chnology chnology;0.023699872210814207
chnology;0.030662524045477178
chnical;0.02055221990286255
china canada twe;0.02524844456779199
china canada;0.02524844456779199
china;0.019428774166525078
changed environment aug;0.02524844456779199
changed environment;0.024425638552150294
changed;0.018779554051386024
chance;0.04492672212860789
challenge;0.01978097813764887
career;0.09096131510007407
canada usa gerny;0.02524844456779199
canada usa;0.02524844456779199
canada twe scholarshipsads;0.02524844456779199
canada twe;0.02524844456779199
canada;0.035312216630097114
buns procs;0.024425638552150294
buns administran;0.02143399184185545
buns;0.04218847171024355
bristol;0.024425638552150294
bring;0.02524844456779199
brazil australia subject;0.02524844456779199
brazil australia;0.024425638552150294
brazil;0.02055221990286255
blog view;0.02524844456779199
blog recent topic;0.02524844456779199
blog recent;0.024425638552150294
blog;0.038857548333050156
big data;0.09220260838270063
big;0.07276905208005927
benefits;0.023050652095675157
believe;0.02055221990286255
bank free online;0.024425638552150294
bank free;0.024425638552150294
bank;0.01693034197371247
bachelor phd canada;0.02524844456779199
bachelor phd;0.023050652095675157
bachelor;0.08140560929286708
ba;0.02524844456779199
available undertake;0.024425638552150294
available subjects following;0.02524844456779199
available subjects;0.024425638552150294
available study scholarship;0.05049688913558398
available study;0.05049688913558398
available;0.05303182580226517
austria;0.05049688913558398
australia subject ree;0.02524844456779199
australia subject;0.02524844456779199
australia china canada;0.02524844456779199
australia china;0.024425638552150294
australia;0.09890489068824435
august;0.017404567594910887
aug share share;0.02524844456779199
aug share;0.02524844456779199
aug parttime rch;0.024425638552150294
aug parttime;0.024425638552150294
aug gold rust;0.02524844456779199
aug gold;0.02524844456779199
aug aristotle faer;0.024425638552150294
aug aristotle;0.024425638552150294
aug;0.13830391257405092
asstant remo;0.024425638552150294
asstant;0.024425638552150294
asstance;0.023050652095675157
artificial inlligence;0.0822088796114502
artificial;0.07167342424512747
around;0.018478914330690252
aristotle faer litical;0.024425638552150294
aristotle faer;0.024425638552150294
aristotle;0.024425638552150294
ards;0.02524844456779199
arding country uk;0.02524844456779199
arding country;0.02524844456779199
arding;0.02143399184185545
apply;0.010886578077946817
applied;0.2031183840993565
applicant;0.012659243929423337
applican student;0.026198304403626815
applican procedure;0.02097734652350286
applican;0.022297651648360253
am work;0.023050652095675157
am;0.0381912355801336
also;0.013257956450566292
allows;0.022463361064303945
african country european;0.02524844456779199
african country;0.02524844456779199
african;0.0190956177900668
advance;0.023699872210814207
administran;0.018192263020014816
achievement scholarship students;0.02524844456779199
achievement scholarship;0.02524844456779199
achievement;0.08770882543735074
accs;0.017162893797566317
accounting;0.10099377827116796
account privacy licy;0.024425638552150294
account privacy;0.024425638552150294
account;0.01649001955753455
according int;0.024425638552150294
according;0.018779554051386024
academic;0.024227174923274558
academia;0.02524844456779199
