youtube;0.019898881423350324
web;0.013209372361442906
volver;0.16137766813670013
vitae;0.024155813714139922
vista;0.08902640100689423
ver;0.021382065714901543
valor;0.04414466285821702
vacan;0.029675467002298075
uso;0.19635495729092145
tria;0.01723570516551596
tre;0.029675467002298075
trav;0.01669899237752059
traduccion;0.02465548136569511
trabajo;0.06414619714470463
tr;0.024155813714139922
tambien;0.1866842020485906
tabla;0.020456257016754995
suvisor;0.05741678295612998
sonal;0.04463668736024208
sona;0.04034441703417503
solicitud beca;0.03979776284670065
solicitud;0.07646427323237158
solicitar beca;0.023249343634648836
solicitar;0.01866842020485906
solicitan;0.13949606180789303
sociedad;0.025192194153690478
social;0.042250399920477216
seguir;0.021718978014123556
sala;0.029675467002298075
rzo;0.04150380497978094
rtal;0.048311627428279845
revion;0.027092317065711476
rert;0.023688405841462024
rerencia;0.05741678295612998
requerido;0.020172208517087516
red;0.01543627138015203
recomendacion;0.02465548136569511
rco;0.05418463413142295
publicacion;0.04649868726929767
prueba conocimiento;0.0307918737630964
prueba;0.050384388307380956
proyecto;0.03979776284670065
promover;0.02640205135150451
profor;0.11221906642528269
profnal;0.01742382764845357
proco solicitud;0.027092317065711476
proco;0.01723570516551596
procedimiento;0.024155813714139922
proccion dato;0.2640205135150451
proccion;0.2640205135150451
proble;0.025192194153690478
pripio;0.02465548136569511
previsto;0.025771888126493437
preparar;0.05935093400459615
prentar;0.01742382764845357
prensa;0.029675467002298075
premio;0.025192194153690478
plan;0.014361367932840331
pectro;0.029675467002298075
pecialidad;0.02870839147806499
pdf;0.020456257016754995
paz;0.027855370411524843
particular;0.02640205135150451
panol;0.03733684040971812
pagina;0.03087254276030406
pa;0.03876270713888659
ortunidad;0.01844556236332999
orta;0.020456257016754995
orden;0.04567076954984376
opinion;0.029675467002298075
opcion;0.02640205135150451
online;0.013209372361442906
ofrecer beca;0.02465548136569511
ofrecer;0.04812044011674331
oficina;0.021718978014123556
obner in;0.05280410270300902
obner;0.03484765529690714
obncion;0.024155813714139922
nota certificado;0.027092317065711476
nota;0.03410469158501109
no;0.0161993247259654
nivel nacional;0.02640205135150451
nivel;0.08711913824226786
newsl;0.023688405841462024
ner ano;0.0307918737630964
ner;0.028974648593764037
navegacion;0.04343795602824711
nacional innacional;0.02870839147806499
nacional;0.014746005665945063
mundo;0.04034441703417503
motivo;0.024155813714139922
motivacion;0.02870839147806499
momento;0.021060132342184068
modelo;0.019898881423350324
menu inicio;0.055710740823049686
menu;0.11942392435175804
menos;0.04567076954984376
menor ano;0.023249343634648836
menor;0.020456257016754995
medio;0.03979776284670065
litico;0.05115703737751663
litical;0.02207233142910851
litica;0.01889835406882037
lista;0.023688405841462024
lectura;0.027855370411524843
justicia;0.0615837475261928
io;0.015884392135217192
invtigacion;0.019381353569443295
innacional;0.09008561987017381
ink;0.027855370411524843
inicio;0.051707115496547884
ingl;0.042120264684368136
independien;0.029675467002298075
inario;0.05935093400459615
in proco;0.0307918737630964
in;0.03213579365005362
imrtan;0.017815399138318918
im;0.02870839147806499
ie;0.04034441703417503
hunos;0.029675467002298075
historia;0.055710740823049686
guien documento;0.05741678295612998
guien;0.04908624023489573
general;0.0999981442286438
fundacion;0.08977525314022615
forum;0.029675467002298075
formulario solicitud;0.055710740823049686
formulario;0.03603884263347726
for;0.04034441703417503
fomentar;0.029675467002298075
firdo;0.02640205135150451
financiero;0.02075190248989047
financiar;0.023249343634648836
financiacion;0.01801942131673863
favor;0.02283538477492188
extranjero;0.01889835406882037
exto;0.025192194153690478
expedien academico;0.027092317065711476
expedien;0.025771888126493437
excelen;0.027855370411524843
ex;0.02870839147806499
evento;0.027092317065711476
evaluacion;0.019381353569443295
europ;0.06136877105026498
equivalen;0.02465548136569511
enviar corr;0.0615837475261928
enviar;0.042764131429803086
enlace;0.039270991458184294
enero;0.021060132342184068
energico;0.02640205135150451
empleado;0.2967546700229808
electronico;0.031165171233444533
educacion;0.06416058682232442
economia;0.051543776252986874
ean;0.03058570929294863
duracion;0.020172208517087516
documento deber;0.027855370411524843
documento;0.045456668641453646
doctorado doctorado;0.0307918737630964
doctorado;0.15681444883608214
disnible;0.039270991458184294
disciplina;0.025771888126493437
digital;0.016528577258864443
deutsch;0.05935093400459615
derechos hunos;0.029675467002298075
derechos;0.02870839147806499
der;0.07246744114241976
departamento;0.05418463413142295
deber prentar;0.024155813714139922
deber adjuntar;0.025771888126493437
deber;0.10019395426512355
dato;0.365900380617525
darrollo;0.05285090195359075
dalle;0.04931096273139022
dail;0.04034441703417503
curriculum vitae;0.024155813714139922
curriculum;0.021382065714901543
cultura;0.0615837475261928
corr electronico;0.033057154517728886
corr;0.028974648593764037
copia certificado;0.029675467002298075
copia;0.02075190248989047
cooacion;0.02075190248989047
convocatorio beca;0.027092317065711476
convocatorio;0.017815399138318918
contacto;0.06544832031319431
consultar;0.019635495729092147
conocimiento;0.05669506220646111
connido;0.016528577258864443
condicion;0.20535262225344963
comunicacion;0.019635495729092147
comprome;0.027092317065711476
compartir;0.09662325485655969
cliico;0.029675467002298075
cientifico;0.04649868726929767
ciencia;0.03339798475504118
certificado;0.05669506220646111
carta recomendacion;0.027855370411524843
carta;0.020172208517087516
carrera;0.03827165615507391
candidato deber;0.02465548136569511
candidato;0.017052345792505544
calificacion;0.08902640100689423
calendario;0.02465548136569511
busqueda buscar;0.029675467002298075
busqueda;0.02283538477492188
buscar;0.07046786927145433
becario;0.08182502806701998
beca tria;0.02870839147806499
beca innacional;0.02465548136569511
beca doctorado;0.12885944063246718
beca deber;0.022443813285056537
beca;0.13425576726727023
base;0.22962993693044348
ayo;0.06733143985516961
asor;0.025771888126493437
ar;0.018229357998045873
aplicar beca;0.023249343634648836
aplicar;0.03779670813764074
aplicacion;0.02075190248989047
ano ner;0.02465548136569511
ano;0.03339798475504118
aniormen;0.02640205135150451
ambiental;0.027092317065711476
alumni;0.023688405841462024
alenia;0.05935093400459615
admion;0.019635495729092147
adjunto;0.02870839147806499
adjuntar;0.020456257016754995
ade;0.021718978014123556
actividad;0.056005260614577175
acompanar;0.0307918737630964
acerca;0.04737681168292405
aceptar;0.017815399138318918
acco;0.01844556236332999
acceder;0.023249343634648836
academico;0.015014269978362301
abrir;0.02465548136569511
