web;0.019955171228459433
voz voto;0.012460225176100003
voz;0.011014027301774677
voto;0.012460225176100003
virtud;0.03149357081497264
vida;0.015442064588955475
vicio;0.006693610941403694
vicerrectorado;0.1863323003204689
vicerrectora;0.012460225176100003
vicerrector;0.04984090070440001
via;0.007549397992822445
vez transcurrir;0.012460225176100003
vez realizar solicitud;0.011014027301774677
vez realizar;0.011014027301774677
vez beneficiario;0.012460225176100003
vez;0.026292481851090583
ver;0.018103318127997786
valorizacion;0.012460225176100003
valorar;0.022028054603549355
valoracion;0.04658307508011723
utilizar;0.009349945106619125
usuario;0.008099072876595734
uso;0.007721032294477737
univertario investigacion pcologia;0.011645768770029307
univertario investigacion;0.06987461262017584
univertario inteligencia negocio;0.011645768770029307
univertario inteligencia;0.011014027301774677
univertario innovacion;0.0373806755283
univertario industria;0.011645768770029307
univertario gestion;0.022028054603549355
univertario estudio avanzado;0.011645768770029307
univertario estudio;0.011645768770029307
univertario derecho;0.011014027301774677
univertario ciencia;0.012460225176100003
univertario;0.15880330051400907
univerdad base;0.012460225176100003
univerdad;0.2566866923854302
unidad;0.010061441114371522
unicamente;0.00853548870054843
ultimo;0.007721032294477737
tres;0.018103318127997786
trayectoria;0.011645768770029307
trav pagina web;0.012460225176100003
trav pagina;0.011645768770029307
trav enlace;0.023291537540058613
trav;0.02538604655648414
tratamiento;0.007903747232293801
transcurrir plazo;0.012460225176100003
transcurrir;0.011645768770029307
traduccion;0.010061441114371522
total ter;0.06230112588050001
total;0.04091674967180392
titulo;0.006239665037138247
titulacion;0.010061441114371522
texto;0.011014027301774677
terminar;0.011645768770029307
ter univertario inteligencia;0.012460225176100003
ter univertario gestion;0.022028054603549355
ter univertario derecho;0.012460225176100003
ter univertario ciencia;0.012460225176100003
ter univertario;0.2617984629853355
ter univerdad;0.012460225176100003
ter segun;0.012460225176100003
ter oficial univerdad;0.05822884385014653
ter oficial;0.05248928469162107
ter ofertado;0.012460225176100003
ter;0.20863854239705368
tener redencia;0.012460225176100003
tener documento;0.012460225176100003
tener derecho presentar;0.012460225176100003
tener derecho;0.011014027301774677
tener;0.0356482739671081
tendrar cuenta;0.012460225176100003
tendrar;0.011645768770029307
tendran;0.011014027301774677
tecnologia;0.007721032294477737
tabla;0.007903747232293801
suscrito;0.011645768770029307
supuesto;0.012460225176100003
supreon;0.011645768770029307
suponer;0.011014027301774677
superior;0.01269302327824207
superar;0.022028054603549355
sujeto;0.010497856938324215
sujeta;0.009349945106619125
subsanacion documentacion;0.012460225176100003
subsanacion;0.011014027301774677
stema educativo;0.011645768770029307
stema;0.006693610941403694
solicitud trav enlace;0.012460225176100003
solicitud trav;0.012460225176100003
solicitud recibido;0.012460225176100003
solicitud programa;0.012460225176100003
solicitud presentado;0.012460225176100003
solicitud documentacion;0.011645768770029307
solicitud;0.06433402538608857
solicitante;0.00853548870054843
solicitado;0.008308879876896819
social;0.004174336401044165
senalado;0.009349945106619125
semipresencial;0.023291537540058613
semana;0.011645768770029307
seleccion;0.01509879598564489
seguro salud;0.03493730631008792
seguro;0.033235519507587276
segun;0.016198145753191468
seguir indicación;0.012460225176100003
seguir;0.00853548870054843
santander;0.2204549957048085
sanitario;0.010061441114371522
saludable;0.022028054603549355
salud ter univertario;0.012460225176100003
salud ter;0.011014027301774677
salud;0.043407043300951895
sa;0.023291537540058613
robert;0.012460225176100003
riesgo laboral;0.011014027301774677
riesgo;0.019366801064507045
revion;0.010061441114371522
reva;0.010497856938324215
resultar beneficiario;0.012460225176100003
resultar;0.010497856938324215
resultante;0.012460225176100003
respetar;0.012460225176100003
resolucion definitivo;0.012460225176100003
resolucion;0.07025461213127818
resolucien;0.011645768770029307
requito nivel;0.012460225176100003
requito general;0.012460225176100003
requito;0.03068352319409975
requerir;0.008781826516409772
representante;0.010497856938324215
repocion;0.012460225176100003
renunciar;0.020122882228743044
renuncia ayuda;0.012460225176100003
renuncia;0.03304208190532403
renovacion;0.022028054603549355
rendimiento;0.011645768770029307
remitir;0.011645768770029307
relativo;0.011645768770029307
relación internacional;0.024297218629787204
relación;0.022648193978467335
reglamento;0.02099571387664843
registrado;0.010061441114371522
regimen;0.011645768770029307
redencia;0.007234507216825316
recurso potestativo repocion;0.012460225176100003
recurso potestativo;0.012460225176100003
recurso contencioso administrativo;0.012460225176100003
recurso contencioso;0.012460225176100003
recurso;0.03088412917791095
rector;0.019366801064507045
rectificacion supreon;0.012460225176100003
rectificacion;0.012460225176100003
recomendacion;0.019366801064507045
recogido;0.011645768770029307
recoger;0.010497856938324215
reclamación;0.011645768770029307
reclamacion autoridad;0.012460225176100003
reclamacion;0.010497856938324215
recibirar correo electronico;0.023291537540058613
recibirar correo;0.023291537540058613
recibirar;0.02099571387664843
recibiran;0.00853548870054843
recibir;0.013902322089781287
recibido;0.011645768770029307
realizarar;0.011645768770029307
realizar trav;0.012460225176100003
realizar solicitud;0.010061441114371522
realizar mediante;0.012460225176100003
realizar;0.04093983433660182
realizacion matricula;0.012460225176100003
realizacion;0.022028054603549355
quedar;0.018103318127997786
puntuacion;0.022028054603549355
punto caso;0.012460225176100003
punto;0.1538782040879812
publicar;0.016198145753191468
publicado;0.012460225176100003
publicacion convocatoria;0.012460225176100003
publicacion;0.02715497719199668
publica;0.009683400532253522
prueba;0.01869989021323825
proteccion dato personal;0.012460225176100003
proteccion dato;0.03873360212901409
proteccion;0.03873360212901409
propuesta resolucion;0.012460225176100003
propuesta;0.010061441114371522
propio univerdad;0.012460225176100003
propio;0.007234507216825316
programa ter;0.012460225176100003
programa estudiante;0.011645768770029307
programa ayuda;0.16198292728930003
programa;0.10017064060194107
producir;0.011645768770029307
produccion;0.009683400532253522
proceso admion;0.012460225176100003
proceso;0.013146240925545291
procedimiento;0.017563653032819544
principio igualdad;0.012460225176100003
principio;0.009683400532253522
primero mes;0.012460225176100003
primero curso;0.0373806755283
primero;0.031614988929175206
previo;0.009051659063998893
prevencion riesgo laboral;0.011014027301774677
prevencion riesgo;0.011014027301774677
prevencion;0.010497856938324215
presupuesto;0.008308879876896819
presupuestario;0.023291537540058613
presente convocatoria;0.05822884385014653
presente;0.05269095909845863
presentar reclamacion autoridad;0.012460225176100003
presentar reclamacion;0.011645768770029307
presentar certificado;0.011014027301774677
presentar;0.019719361388317938
presentado;0.008781826516409772
presentacion solicitud;0.02099571387664843
presentacion;0.016617759753793638
preinscripcion;0.017563653032819544
preinscripcidn ter;0.012460225176100003
preinscripcidn;0.012460225176100003
predente;0.023291537540058613
potestativo repocion;0.012460225176100003
potestativo;0.010061441114371522
posteriormente;0.012460225176100003
postal;0.007903747232293801
posgrado;0.007549397992822445
portabilidad;0.011645768770029307
podrar;0.017563653032819544
podran beneficiario;0.012460225176100003
podran;0.025606466101645287
podra;0.008308879876896819
plenamente;0.012460225176100003
plazo presentacion solicitud;0.011645768770029307
plazo presentacion;0.011645768770029307
plazo mes;0.011645768770029307
plazo maximo;0.012460225176100003
plazo establecido;0.03149357081497264
plazo;0.08681408660190379
plaza;0.009051659063998893
personal garantio derecho;0.012460225176100003
personal garantio;0.012460225176100003
personal;0.03352217853027996
persona delegar;0.012460225176100003
persona;0.007721032294477737
periodo disfrute;0.012460225176100003
periodo;0.01509879598564489
percibido;0.012460225176100003
pensamiento;0.012460225176100003
pcologia;0.011014027301774677
país;0.007234507216825316
participar;0.007089290826223108
participante;0.020122882228743044
participacion convocatoria;0.012460225176100003
participacion;0.010061441114371522
parte comion;0.012460225176100003
parte;0.021267872478669323
pago bolsa;0.012460225176100003
pago;0.006457549357968478
pagina web;0.021267872478669323
pagina;0.01782413698355405
otorgamiento;0.012460225176100003
originario;0.011645768770029307
organo;0.011014027301774677
organico diciembre proteccion;0.012460225176100003
organico diciembre;0.011645768770029307
organico;0.011645768770029307
oportunidad aprendizaje;0.012460225176100003
oportunidad;0.007234507216825316
opocion;0.012460225176100003
oo;0.012460225176100003
online;0.005198599807415942
oficina relación internacional;0.024920450352200006
oficina relación;0.024920450352200006
oficina;0.016198145753191468
oficial univerdad;0.05248928469162107
oficial;0.06457549357968478
ofertado;0.012460225176100003
oferta;0.007903747232293801
obtenido;0.009349945106619125
obtener nota medio;0.012460225176100003
obtener nota;0.012460225176100003
obtener;0.006573120462772646
obtencion;0.009051659063998893
obligación;0.02099571387664843
objeto presente convocatoria;0.012460225176100003
objeto presente;0.012460225176100003
objeto objeto;0.012460225176100003
objeto;0.019366801064507045
notificar;0.011014027301774677
nota medio;0.04405610920709871
nota;0.02583019743187391
normativa;0.012460225176100003
nombre apellido;0.012460225176100003
nombre;0.008099072876595734
nivel superior;0.024920450352200006
nivel;0.046855276589825856
nie;0.011645768770029307
negocio;0.008308879876896819
necesario;0.014775153737686678
natural;0.025606466101645287
nacional;0.005671546446928895
multiplicar;0.012460225176100003
movilidad;0.009349945106619125
motivo;0.009051659063998893
motivacion;0.011014027301774677
mn;0.011645768770029307
mismo finalidad;0.012460225176100003
mismo;0.06322997785835041
ministerio educacion;0.016198145753191468
ministerio;0.014178581652446216
minimo credito;0.012460225176100003
minimo;0.01509879598564489
miembro;0.03873360212901409
mes contado;0.012460225176100003
mes;0.03475580522445322
merito;0.05822884385014653
menos;0.00853548870054843
menor;0.007721032294477737
meet;0.006346511639121035
medio;0.03019759197128978
mediante escrito;0.012460225176100003
mediante;0.023163096883433213
mayor puntuacion;0.024920450352200006
mayor;0.028938028867301263
mayo;0.008781826516409772
maximo mes;0.012460225176100003
maximo;0.015442064588955475
matricular primero curso;0.024920450352200006
matricular primero;0.023291537540058613
matricular;0.018103318127997786
matriculado;0.008781826516409772
matricula ter;0.011014027301774677
matricula;0.026292481851090583
marco;0.030184323343114564
llegar;0.010497856938324215
listado;0.007903747232293801
limitacion tratamiento;0.012460225176100003
limitacion;0.011014027301774677
ley organico diciembre;0.011645768770029307
ley organico;0.011645768770029307
ley;0.011014027301774677
leon;0.33642607975470007
lengua extranjero;0.010497856938324215
lengua;0.05430995438399336
legislacion;0.012460225176100003
legal;0.013387221882807387
laboral;0.01707097740109686
justificado;0.010061441114371522
justificacion;0.012460225176100003
junio;0.016617759753793638
investigacion pcologia;0.011645768770029307
investigacion;0.049625035783561755
interés;0.011014027301774677
interunivertario;0.024920450352200006
interponer recurso;0.011645768770029307
interponer;0.011645768770029307
internacionalizacion;0.19437774903829763
internacional univerdad;0.022028054603549355
internacional;0.12669060924744294
interesado tener derecho;0.012460225176100003
interesado tener;0.012460225176100003
interesado;0.031614988929175206
inteligencia negocio;0.011014027301774677
inteligencia;0.010497856938324215
instituto;0.007903747232293801
innovacion;0.02715497719199668
ingresado;0.012460225176100003
ingl;0.008099072876595734
ingenieria;0.010061441114371522
informar;0.028049835319857372
informacion acceso;0.011645768770029307
informacion;0.005425208631067554
industria;0.022028054603549355
indicar;0.02905020159676057
indicado;0.02099571387664843
indicación;0.011645768770029307
indicacion;0.012460225176100003
incumplir;0.012460225176100003
incorporado;0.012460225176100003
incompatibilidad;0.011645768770029307
incluido;0.00853548870054843
importe maximo;0.011645768770029307
importe;0.02715497719199668
implicar;0.023291537540058613
ii;0.011014027301774677
igualdad;0.009683400532253522
idioma;0.02045837483590196
humanidad;0.010497856938324215
hora;0.019372648073905433
hacer;0.007089290826223108
habil;0.011645768770029307
guiente requito;0.011014027301774677
guiente publicacion;0.012460225176100003
guiente miembro;0.011645768770029307
guiente enlace;0.010061441114371522
guiente documentacion copia;0.012460225176100003
guiente documentacion;0.011014027301774677
guiente;0.043677655259967724
grado traduccion;0.011014027301774677
grado;0.039518736161469004
google;0.007903747232293801
gestion recurso;0.011645768770029307
gestion;0.019039534917363106
general tener;0.012460225176100003
general;0.004793467162812925
gasto derivado;0.023291537540058613
gasto;0.01509879598564489
garantio derecho digital;0.012460225176100003
garantio derecho;0.012460225176100003
garantio;0.012460225176100003
fundamental;0.009051659063998893
funcionar;0.011014027301774677
formulario adjuntar;0.012460225176100003
formulario;0.02085348313467193
firmado;0.009683400532253522
firma;0.010497856938324215
financiero;0.008099072876595734
financiacion;0.02085348313467193
finalidad;0.020122882228743044
figurar anexo;0.012460225176100003
figurar;0.022028054603549355
fico;0.015807494464587603
fichero;0.012460225176100003
fecha;0.006573120462772646
febrero;0.032396291506382936
falta;0.011014027301774677
falsedad dato;0.012460225176100003
falsedad;0.010061441114371522
ey;0.012460225176100003
extranjero;0.028357163304892432
expresar;0.023291537540058613
expediente academico;0.06036864668622913
expediente;0.056099670639714744
exigido convocatoria;0.010061441114371522
exigido;0.018103318127997786
excluon;0.011014027301774677
excelencia academicar;0.16198292728930003
excelencia;0.1589490668125251
examen;0.01869989021323825
evaluacion;0.007549397992822445
euros;0.0373997804264765
europeo;0.031614988929175206
europea;0.012460225176100003
eur;0.007903747232293801
estudio ter;0.020122882228743044
estudio grado;0.011645768770029307
estudio avanzado;0.011645768770029307
estudio;0.05504963170565322
estudiar univerdad;0.011014027301774677
estudiar;0.008308879876896819
estudiante internacional;0.010497856938324215
estudiante extranjero;0.012460225176100003
estudiante dentro;0.012460225176100003
estudiante;0.07018257314846026
estancia;0.028049835319857372
establecido;0.03512730606563909
espán;0.024920450352200006
espanol lengua extranjero;0.012460225176100003
espanol lengua;0.012460225176100003
espanol;0.051713038081903376
espafiol;0.0373806755283
espafia;0.011645768770029307
escrito;0.009683400532253522
escala;0.011645768770029307
equivalente grado;0.012460225176100003
equivalente;0.03512730606563909
equivalencia;0.022028054603549355
envejecimiento;0.024920450352200006
entrevista;0.022028054603549355
entregar copia;0.012460225176100003
entregar;0.019366801064507045
entorno digital;0.012460225176100003
entorno;0.020122882228743044
entendera;0.011645768770029307
ensefianza;0.012460225176100003
enlace indicado;0.012460225176100003
enlace;0.03019759197128978
enfermeria;0.011014027301774677
empre;0.008308879876896819
electronico;0.02414943056409652
electronica;0.011014027301774677
elaborar;0.011645768770029307
ejercitar derecho;0.011645768770029307
ejercitar;0.011645768770029307
efectuar mediante;0.012460225176100003
efectuar cargo aplicacion;0.012460225176100003
efectuar cargo;0.012460225176100003
efectuar;0.023291537540058613
efectos;0.012460225176100003
educativo;0.014178581652446216
educacion ter univertario;0.012460225176100003
educacion ter;0.011014027301774677
educacion;0.01871899511141474
durar;0.011014027301774677
duracion;0.015442064588955475
dos mes;0.012460225176100003
dos;0.014775153737686678
documento;0.017275992170105857
documentacion copia;0.012460225176100003
documentacion;0.026774443765614775
doctorado;0.006819458278633987
dni;0.04658307508011723
distancia;0.020122882228743044
disponible web;0.012460225176100003
disponible;0.015442064588955475
disponibilidad;0.009349945106619125
disponer;0.009683400532253522
dispondran;0.011645768770029307
dispoción;0.011645768770029307
disfrute;0.011645768770029307
dirigido estudiante;0.012460225176100003
dirigido;0.006239665037138247
directora;0.024920450352200006
director;0.010497856938324215
direccion;0.013902322089781287
digital;0.013146240925545291
dictar;0.024920450352200006
diciembre proteccion dato;0.012460225176100003
diciembre proteccion;0.012460225176100003
diciembre;0.00853548870054843
dias natural;0.012460225176100003
dias habil;0.011645768770029307
dias;0.022028054603549355
dia guiente publicacion;0.012460225176100003
dia guiente;0.012460225176100003
dia;0.010061441114371522
determinar;0.011645768770029307
destino;0.009683400532253522
destinar;0.009683400532253522
desplazamiento;0.04024576445748609
desear;0.007903747232293801
derivado;0.023291537540058613
derecho presentar reclamacion;0.012460225176100003
derecho presentar;0.012460225176100003
derecho digital;0.012460225176100003
derecho acceso rectificacion;0.012460225176100003
derecho acceso;0.012460225176100003
derecho;0.027804644179562573
deportivo ter;0.011645768770029307
deportivo;0.011014027301774677
dentro plazo;0.023291537540058613
dentro;0.03512730606563909
demostrar;0.023291537540058613
demora;0.012460225176100003
delegar;0.0373806755283
delegado proteccion dato;0.012460225176100003
delegado proteccion;0.012460225176100003
delegado;0.011645768770029307
deg;0.05248928469162107
definitivo;0.00853548870054843
declaracion equivalencia;0.012460225176100003
declaracion;0.010497856938324215
decimal;0.011014027301774677
deberar;0.007234507216825316
deber;0.006573120462772646
dato solicitud;0.012460225176100003
dato relativo;0.012460225176100003
dato registrado;0.010497856938324215
dato personal garantio;0.012460225176100003
dato personal;0.03149357081497264
dato ley organico;0.012460225176100003
dato ley;0.012460225176100003
dato;0.05354888753122955
datar;0.009683400532253522
cuyo;0.025606466101645287
curso ter;0.06230112588050001
curso completo;0.011645768770029307
curso academico;0.028049835319857372
curso;0.09506206391228827
cursado;0.024920450352200006
cumplimiento requito;0.011645768770029307
cumplimiento;0.03149357081497264
cultura;0.011645768770029307
cuidado;0.011014027301774677
cuenta;0.006346511639121035
cubrir gasto;0.020122882228743044
cubrir;0.035446454131115544
cualquiera ayuda;0.011014027301774677
cualquiera;0.006951161044890643
criterio;0.007234507216825316
credito matriculado;0.011014027301774677
credito;0.07798219908845419
creacion;0.010497856938324215
coste matricula;0.011645768770029307
coste;0.019366801064507045
correspondiente;0.026345479549229316
correo electronico;0.02538604655648414
correo;0.027935148775233298
correctamente;0.012460225176100003
copia titulo;0.011645768770029307
copia dni;0.011645768770029307
copia certificado;0.010497856938324215
copia;0.03019759197128978
convocatorio;0.02045837483590196
convocatoria conceon;0.011645768770029307
convocatoria;0.07486263273712537
convenio suscrito;0.011645768770029307
convenio;0.031614988929175206
control;0.007903747232293801
contenido;0.006573120462772646
contencioso administrativo;0.024920450352200006
contencioso;0.024920450352200006
contarar;0.024920450352200006
contar publicacion;0.012460225176100003
contar;0.006951161044890643
contado;0.010061441114371522
conocimiento idioma;0.011014027301774677
conocimiento;0.007387576868843339
conformar;0.012460225176100003
condicionado;0.019366801064507045
condicion;0.009349945106619125
concurrencia competitivo;0.012460225176100003
concurrencia;0.012460225176100003
conceon ayuda;0.03493730631008792
conceon;0.03620663625599557
concedido;0.022028054603549355
conceder;0.008308879876896819
comunicar;0.008781826516409772
comun;0.024920450352200006
compuesto;0.012460225176100003
comprometer;0.010061441114371522
comprender;0.011645768770029307
completo;0.016617759753793638
completar formulario;0.011014027301774677
completar;0.008308879876896819
competitivo;0.011645768770029307
competente;0.011014027301774677
compatibilidad;0.012460225176100003
comion seleccion;0.012460225176100003
comion;0.036937884344216694
comienzo;0.011645768770029307
comenzar estudio;0.012460225176100003
comenzar;0.03149357081497264
colectivo;0.012460225176100003
colaboracion;0.03493730631008792
cobertura;0.011645768770029307
citado;0.011645768770029307
ciencia tecnologia;0.00853548870054843
ciencia social;0.010497856938324215
ciencia salud;0.011645768770029307
ciencia educacion;0.012460225176100003
ciencia;0.06457549357968478
ciberseguridad;0.03493730631008792
cest;0.011645768770029307
certificado;0.027804644179562573
cerrar;0.00853548870054843
centro unidad;0.012460225176100003
centro;0.007549397992822445
caso presentar;0.011645768770029307
caso necesario;0.012460225176100003
caso financiacion;0.012460225176100003
caso;0.0625604494040158
carta recomendacion;0.02099571387664843
carta;0.015442064588955475
cargo aplicacion presupuestario;0.012460225176100003
cargo aplicacion;0.012460225176100003
cargo;0.00853548870054843
caracter;0.009683400532253522
cantidad;0.009051659063998893
candidatura;0.019366801064507045
calificación;0.009683400532253522
calidad;0.015807494464587603
cada;0.012479330074276493
bolsa ayuda;0.024920450352200006
bolsa;0.055070136508873394
bocyl;0.012460225176100003
big datar;0.010497856938324215
big;0.008099072876595734
beneficiario ayuda;0.012460225176100003
beneficiario;0.07957957938507848
beneficiar;0.011645768770029307
base convocatoria;0.010061441114371522
base;0.035446454131115544
baremo;0.024920450352200006
banco santander;0.024920450352200006
banco;0.01869989021323825
ayuda efectuar;0.012460225176100003
ayuda;0.17770232589538898
avanzado;0.009683400532253522
autorizacion;0.011645768770029307
autoridad;0.011645768770029307
atender;0.011014027301774677
asunto;0.022028054603549355
artes humanidad;0.011645768770029307
artes;0.011014027301774677
arquitectura;0.011014027301774677
area;0.005126922588447323
aprovechar;0.011645768770029307
aprendizaje;0.009349945106619125
aportar;0.010061441114371522
aportado;0.023291537540058613
aplicacion presupuestario;0.012460225176100003
aplicacion;0.008308879876896819
apellido;0.012460225176100003
apartado;0.012460225176100003
anuncio;0.012460225176100003
anulacion;0.011645768770029307
anexo ii;0.012460225176100003
anexo;0.08398285550659372
an;0.009683400532253522
amismo;0.010497856938324215
alvarez;0.04984090070440001
alumno;0.010061441114371522
alumnado;0.1979780690904982
alguno guiente;0.011645768770029307
alguno;0.006951161044890643
agnado;0.009349945106619125
agnacion;0.022028054603549355
ae;0.011645768770029307
admitir programa;0.012460225176100003
admitir;0.009683400532253522
admion;0.014775153737686678
administrativo;0.023163096883433213
adjuntar guiente documentacion;0.012460225176100003
adjuntar guiente;0.011645768770029307
adjuntar;0.007721032294477737
adjudicado;0.009051659063998893
adicional;0.024926639630690455
adema;0.009683400532253522
acuerdo reglamento;0.012460225176100003
acuerdo establecido;0.011645768770029307
acuerdo;0.029550307475373357
actuación;0.012460225176100003
actividad academico;0.012460225176100003
actividad;0.021703521650475947
acreditir;0.04199142775329686
acreditativo;0.011014027301774677
acreditar;0.010061441114371522
acreditado;0.019366801064507045
acreditacion;0.011014027301774677
acordar;0.012460225176100003
aceptar;0.006693610941403694
aceptacion;0.06230112588050001
acceso univerdad;0.011645768770029307
acceso rectificacion supreon;0.012460225176100003
acceso rectificacion;0.012460225176100003
acceso proceso;0.012460225176100003
acceso;0.021267872478669323
acceder;0.026345479549229316
academico programa;0.012460225176100003
academico estudio;0.023291537540058613
academico caso;0.011014027301774677
academico;0.057586640567019516
academicar;0.14318235492307083
acadeemico;0.012460225176100003
abandono;0.012460225176100003
aa;0.00853548870054843
