writing;0.013105771413794966
visual;0.014730669293527131
virtual;0.017111337982603027
via;0.018761989757951743
vez;0.017111337982603027
verificado;0.014730669293527131
ver;0.07429722915026121
valer;0.015284844861820778
utilizar;0.011990756651327065
usuario;0.010613889878608746
usd;0.018761989757951743
urbanismo;0.014730669293527131
unir;0.30143274251728425
unidad;0.013448413905650469
ultural;0.014730669293527131
ultimo ano;0.015284844861820778
ultimo;0.009498875116140844
udar;0.02447757551668182
uda economico;0.015284844861820778
uda beca;0.014730669293527131
uda;0.04973549381298772
tutor;0.02621154282758993
tria educacion;0.058922677174108526
tria;0.3935607735998696
trav;0.016578497937662574
tratar dato;0.015284844861820778
tratar;0.02398151330265413
trans;0.013827187607497375
tragico;0.020308651390313508
tragia;0.0393173142413849
traduccion inpracion;0.014730669293527131
traduccion;0.01223878775834091
trabajo grado;0.015284844861820778
trabajo;0.06368333927165248
toda;0.015284844861820778
tivo;0.014730669293527131
titulo oficial;0.011990756651327065
titulo;0.016578497937662574
tiem;0.010454084674947297
ti;0.008944699547847195
tambien;0.009266857510585523
talento;0.018761989757951743
suior;0.024613968717728047
sugerencia;0.014730669293527131
stular;0.010454084674947297
sonalizado;0.04148156282249212
sonal;0.02954306913120612
sona;0.020026652491249835
solo;0.009380994878975871
solicitud in;0.014250620580957964
solicitud dirigido;0.014730669293527131
solicitud;0.01518250643427095
solicitar;0.07413486008468419
softre;0.01114093305295704
sociedad;0.025010415561622274
social;0.03670234305745993
sgrado;0.00962075204647265
seguridad;0.02963294645396325
segun;0.010781130504017506
seguir;0.010781130504017506
sed;0.013827187607497375
secundario;0.02558592665326912
secraria general;0.01223878775834091
secraria;0.0115407920066451
sanitario;0.02621154282758993
saludable;0.014250620580957964
salud;0.027468697872856024
sa;0.013827187607497375
rking digital mba;0.015284844861820778
rking digital;0.02850124116191593
rking;0.120159914947499
ritorio;0.01279296332663456
riojo;0.013827187607497375
rioja;0.06724206952825235
rigo laboral;0.014250620580957964
rigo;0.025010415561622274
ricular;0.01279296332663456
ricula;0.017111337982603027
requerir;0.011758739045771745
relación;0.011990756651327065
relacionado beca;0.013827187607497375
relacionado;0.01030108179144834
reglamento;0.014250620580957964
registro;0.010154325695156754
redencia;0.00962075204647265
recurso huno;0.04419200788058139
recurso;0.03003997873687475
rector;0.013105771413794966
reconocido;0.014730669293527131
recomendar;0.01223878775834091
reclacion;0.014250620580957964
recibo;0.014250620580957964
recibir in;0.01114093305295704
recibir;0.01788939909569439
realizar;0.01518250643427095
rankings;0.015284844861820778
rail nagement;0.014730669293527131
rail;0.013105771413794966
querer;0.013105771413794966
publicidad;0.030569689723641557
publicar;0.0230815840132902
proyecto;0.039510595271951
prorcionar;0.01279296332663456
propio;0.028142984636927614
propiedad inlectual derecho;0.014730669293527131
propiedad inlectual;0.014730669293527131
propiedad;0.014730669293527131
promedio;0.010781130504017506
project nagement;0.013448413905650469
project;0.008464650835278028
profnalmen;0.01279296332663456
produccion;0.01223878775834091
procs;0.009498875116140844
proco;0.04277834495650757
proccion dato;0.013105771413794966
proccion;0.02621154282758993
proble;0.08753645446567797
privado;0.011335306072311155
pririo;0.02765437521499475
prevencion rigo laboral;0.014250620580957964
prevencion rigo;0.014250620580957964
prevencion;0.013448413905650469
preparacion;0.04419200788058139
prentar;0.00864905151777082
premio;0.012505207780811137
preguntar;0.014250620580957964
pregunta frecuen;0.009498875116140844
pregunta;0.009048910471458881
pregrado;0.0197552976359755
pple;0.00962075204647265
platafor;0.010154325695156754
penal;0.025010415561622274
pedagogia;0.02765437521499475
pectro;0.014730669293527131
pecial;0.00974690622315469
pcopedagogia;0.015284844861820778
pcologia;0.04275186174287389
paz;0.013827187607497375
patriio cultural;0.014730669293527131
patriio;0.014730669293527131
paso;0.012505207780811137
parcial;0.0393173142413849
par;0.018997750232281688
pana;0.018997750232281688
pago ricula;0.014250620580957964
pago;0.016929301670556056
pagina;0.007662444159970533
pacien;0.013827187607497375
otorgar beca;0.0230815840132902
otorgar;0.029240718669464073
otorgado;0.01095653237046425
ortunidad;0.009156232624285342
orientacion;0.014250620580957964
organización;0.015284844861820778
organizacion americano oea;0.014250620580957964
organizacion americano;0.014250620580957964
organizacion;0.03400591821693347
orden;0.06801183643386693
optar;0.01279296332663456
opcional;0.015284844861820778
online;0.01311405787254532
oncologia;0.014730669293527131
ofrecido;0.0197552976359755
ofrecer ortunidad;0.011758739045771745
ofrecer;0.0318488125590443
oficial;0.008464650835278028
oea innacional;0.01223878775834091
oea;0.01030108179144834
obner;0.00864905151777082
obedad;0.014730669293527131
nutricion;0.029461338587054263
nunca;0.013827187607497375
numero;0.008289248968831287
nuevo;0.026834098643541585
nombre;0.010454084674947297
nner infordo;0.014730669293527131
nner;0.026896827811300938
nivel nacional;0.013105771413794966
nivel;0.02594715455331246
neuropcologia;0.014730669293527131
ner;0.028765577053789664
negocio;0.031362254024841885
necedad;0.015284844861820778
necario;0.00974690622315469
natural;0.010781130504017506
nagement digital;0.014730669293527131
nagement;0.0402060893090872
nacional innacional;0.02850124116191593
nacional;0.02195940500434509
multimedia;0.014730669293527131
modologia;0.04275186174287389
modo;0.01279296332663456
modelo;0.00987764881798775
mitir;0.011335306072311155
mismo nivel;0.014730669293527131
mismo;0.010454084674947297
minisio;0.009156232624285342
mentoring;0.014730669293527131
menor;0.010154325695156754
men;0.014250620580957964
medicina;0.013827187607497375
medical;0.009498875116140844
median;0.04120432716579336
mediacion;0.029461338587054263
mba;0.11544902455767181
luvo;0.014730669293527131
luir;0.009380994878975871
luido;0.013105771413794966
lugar;0.011335306072311155
logistica;0.015284844861820778
llar;0.030569689723641557
litico;0.016929301670556056
litica;0.009380994878975871
listado;0.010454084674947297
linea;0.009156232624285342
liderazgo;0.03751562334243341
liatura educacion secundario;0.014730669293527131
liatura educacion;0.014730669293527131
liatura;0.02765437521499475
lengua liatura educacion;0.014730669293527131
lengua liatura;0.014730669293527131
lengua extranjero;0.013827187607497375
lengua educacion infantil;0.014730669293527131
lengua educacion;0.014730669293527131
lengua;0.035276217137315234
legal;0.008843424537124936
lefonico;0.014730669293527131
latinoamericano;0.0230815840132902
latino;0.03400591821693347
laboral;0.043124522016070026
labor;0.014250620580957964
juridico;0.01030108179144834
junto;0.013105771413794966
juicio;0.015284844861820778
joven;0.010454084674947297
joseph;0.014730669293527131
ir;0.021227779757217492
io;0.015769775582939783
invtigacion pcologia;0.015284844861820778
invtigacion;0.0192415040929453
invencion;0.013448413905650469
institución educacion suior;0.015284844861820778
institución educacion;0.015284844861820778
institución;0.03286959711139275
inpracion;0.029461338587054263
innacionalizacion;0.01030108179144834
innacional tria;0.030569689723641557
innacional riojo;0.014730669293527131
innacional rioja;0.05700248232383186
innacional;0.11179448956162694
inlligence;0.01095653237046425
inligencia negocio;0.014250620580957964
inligencia artificial;0.014730669293527131
inligencia;0.053793655622601876
inlectual derecho;0.014730669293527131
inlectual;0.014730669293527131
iniciar;0.010154325695156754
ingrado gn;0.01114093305295704
ingrado;0.0197552976359755
ingl;0.020908169349894593
ingenierio;0.04585453458546234
ingenieria inforico;0.014730669293527131
ingenieria;0.05002083112324455
inforr;0.012505207780811137
inforico;0.04275186174287389
infordo;0.013827187607497375
infantil pririo;0.029461338587054263
infantil;0.025010415561622274
industria;0.04148156282249212
indicar;0.013105771413794966
inado;0.020908169349894593
in ner;0.014250620580957964
in adicional;0.026896827811300938
in acco;0.015284844861820778
in;0.053173187210759
impulsar;0.02765437521499475
implantacion;0.014730669293527131
ie;0.010013326245624917
identificacion;0.014250620580957964
identidad;0.026896827811300938
iberoamericano;0.01114093305295704
hunos;0.014730669293527131
huno;0.03462237601993531
hunidad grado;0.029461338587054263
hunidad;0.06724206952825235
hora;0.008289248968831287
historia;0.02765437521499475
hacer ectivo;0.015284844861820778
hacer;0.018312465248570685
hablar;0.014730669293527131
guien enlace;0.013448413905650469
guien;0.02436602503026758
gru;0.010454084674947297
gran;0.013448413905650469
grafico;0.015284844861820778
grado traduccion;0.015284844861820778
grado rking;0.014730669293527131
grado ingenieria inforico;0.014730669293527131
grado ingenieria;0.014730669293527131
grado educacion;0.014730669293527131
grado derecho;0.014730669293527131
grado comunicacion;0.014730669293527131
grado administracion direccion;0.014730669293527131
grado administracion;0.014730669293527131
grado;0.22998986284884052
gracias;0.014730669293527131
google;0.01030108179144834
gn seguridad;0.014730669293527131
gn recurso;0.015284844861820778
gn proyecto;0.013105771413794966
gn patriio cultural;0.014730669293527131
gn patriio;0.014730669293527131
gn dertivo;0.014730669293527131
gn ambiental;0.015284844861820778
gn;0.17299322834009004
global;0.046855201537572715
general;0.006204786905647129
futuro;0.0592658929079265
funcionar;0.013827187607497375
funcion;0.011758739045771745
frecuen;0.009498875116140844
fotografia;0.02621154282758993
formulario;0.008944699547847195
for;0.03003997873687475
fondo;0.03662493049714137
financiero;0.03090324537434502
financiacion;0.008944699547847195
finalizar;0.0115407920066451
finalidad;0.013105771413794966
filosofia;0.014730669293527131
fico;0.03090324537434502
familiar;0.035276217137315234
facilitar acco;0.014250620580957964
facilitar;0.011990756651327065
extranjero;0.009380994878975871
exto;0.2626093633970339
exiencia usuario;0.013827187607497375
exiencia;0.008744924536292137
executive;0.013105771413794966
examen;0.025010415561622274
evaluacion calidad;0.014730669293527131
evaluacion;0.00962075204647265
europa;0.036716363275022736
europ;0.010154325695156754
enviar;0.010613889878608746
entrega;0.014730669293527131
entidad;0.020026652491249835
ensenanza;0.02558592665326912
enrmeria;0.014250620580957964
enlace;0.00974690622315469
energico;0.013105771413794966
encontrar;0.00962075204647265
emprendimiento;0.029461338587054263
empre;0.01114093305295704
emprarial;0.02621154282758993
empra mba;0.02765437521499475
empra grado;0.014730669293527131
empra colombia;0.014730669293527131
empra;0.079021190543902
empleador;0.014250620580957964
empleado;0.029461338587054263
emitido;0.02850124116191593
electronico;0.023205220201612912
electoral;0.04585453458546234
ejercitar derecho;0.015284844861820778
ejercitar;0.015284844861820778
ejemplo;0.014730669293527131
eico;0.029461338587054263
eica educacion secundario;0.014730669293527131
eica educacion infantil;0.014730669293527131
eica educacion;0.029461338587054263
eica;0.026896827811300938
educativo compencia digital;0.014730669293527131
educativo compencia;0.014730669293527131
educativo;0.05429346282875328
educacion ver;0.014730669293527131
educacion suior;0.030462977085470258
educacion secundario;0.02765437521499475
educacion infantil pririo;0.029461338587054263
educacion infantil;0.02765437521499475
educacion calidad;0.014730669293527131
educacion bilingue;0.014730669293527131
educacion;0.16720626593498258
ectivo;0.013448413905650469
ecos;0.029461338587054263
economico;0.043826129481857
economica;0.058922677174108526
economia;0.01279296332663456
ean;0.0303650128685419
duda;0.01095653237046425
dtinar;0.01279296332663456
dtinado;0.014250620580957964
drar;0.02621154282758993
documento;0.015042889420877394
documentacion acreditativo;0.015284844861820778
documentacion;0.02594715455331246
docencia;0.013105771413794966
docen;0.02963294645396325
dni;0.015284844861820778
diseno;0.11254687002730022
dirigido;0.008122008343422527
directivo;0.02621154282758993
directamen;0.01114093305295704
direccion rking;0.014730669293527131
direccion proyecto;0.029461338587054263
direccion gn;0.11795194272415468
direccion empra;0.013827187607497375
direccion administracion empra;0.04419200788058139
direccion administracion;0.04419200788058139
direccion;0.22736803794359556
digital rking;0.014730669293527131
digital mba;0.015284844861820778
digital;0.1476838123063683
didactica lengua liatura;0.014730669293527131
didactica lengua educacion;0.014730669293527131
didactica lengua;0.029461338587054263
didactica eica educacion;0.029461338587054263
didactica eica;0.029461338587054263
didactica;0.058922677174108526
diciembre;0.011758739045771745
dertivo;0.08550372348574778
derechos hunos;0.014730669293527131
derechos;0.014250620580957964
derecho empra colombia;0.014730669293527131
derecho empra;0.013827187607497375
derecho;0.1357336570718832
dembolso;0.015284844861820778
decir;0.010781130504017506
decidir;0.01279296332663456
deber complar;0.014730669293527131
deber;0.02486774690649386
dato carac sonal;0.030569689723641557
dato carac;0.030569689723641557
dato;0.05189430910662492
datar;0.012505207780811137
darrollo;0.06121447175404495
dallar;0.011990756651327065
dafio;0.08838401576116278
curso;0.015324888319941067
cursar;0.011335306072311155
cumplir admion;0.014730669293527131
cumplir;0.009266857510585523
cultural;0.021227779757217492
cuidado;0.014250620580957964
cuenta;0.008204656239242682
cubrir;0.018097820942917762
cualquiera;0.018312465248570685
creacion;0.013448413905650469
costo;0.011335306072311155
cos;0.01279296332663456
corrativo;0.05117185330653824
corra;0.013827187607497375
corr electronico;0.008204656239242682
corr;0.007191394263447416
coro;0.014730669293527131
copia dni;0.015284844861820778
copia;0.01030108179144834
cooacion innacional;0.014730669293527131
cooacion;0.01030108179144834
convocatoria;0.03692883641400765
convalidacion;0.02558592665326912
controlling;0.013105771413794966
control;0.010013326245624917
contrato;0.021562261008035013
contrario;0.011990756651327065
continuar;0.01095653237046425
contar;0.01788939909569439
contactar directamen;0.014250620580957964
contactar;0.040345241716951405
consultar in;0.02765437521499475
consultar;0.029240718669464073
consentimiento;0.015284844861820778
conseguir;0.02267061214462231
conocimiento;0.018761989757951743
connido;0.008204656239242682
condición;0.01095653237046425
concn beca;0.02850124116191593
concn;0.02447757551668182
comunicacion grado;0.014730669293527131
comunicacion corrativo;0.029461338587054263
comunicacion;0.0974690622315469
compromiso;0.013827187607497375
comprome;0.013448413905650469
complar formulario;0.014250620580957964
complar;0.01095653237046425
compencia digital;0.029461338587054263
compencia;0.040345241716951405
comercio innacional;0.014730669293527131
comercio;0.07365334646763566
comercial;0.02765437521499475
comentario;0.013827187607497375
colombia;0.04353014812781082
colar;0.014250620580957964
colaboracion;0.014730669293527131
cnologico;0.011758739045771745
cnologia grado ingenieria;0.015284844861820778
cnologia grado;0.014730669293527131
cnologia educativo compencia;0.014730669293527131
cnologia educativo;0.014730669293527131
cnologia;0.07934714250617808
cnica;0.02850124116191593
cloud;0.014730669293527131
clinico;0.02765437521499475
clase;0.012505207780811137
civil;0.01114093305295704
ciudadania;0.010454084674947297
cientifico;0.0115407920066451
ciencia social;0.040345241716951405
ciencia litica;0.014730669293527131
ciencia dato;0.015284844861820778
ciencia;0.07460324071948159
cha;0.008744924536292137
ch;0.01279296332663456
certificacion;0.014250620580957964
centro;0.01949381244630938
cedula;0.014730669293527131
caso;0.009498875116140844
carac sonal;0.030569689723641557
carac;0.02621154282758993
capacidad;0.013105771413794966
campana;0.04419200788058139
calidad;0.050771628475783766
calendario;0.01223878775834091
calafon docen;0.013448413905650469
calafon;0.013448413905650469
cada beca;0.015284844861820778
cada;0.008204656239242682
buns procs;0.014250620580957964
buns inlligence;0.013448413905650469
buns administran;0.025010415561622274
buns;0.049227937435456094
blockchain;0.013448413905650469
bilingue;0.014730669293527131
big datar;0.013105771413794966
big;0.010613889878608746
becas;0.01095653237046425
beca uda;0.036716363275022736
beca trav;0.013448413905650469
beca mismo;0.015284844861820778
beca in;0.013448413905650469
beca deber;0.01114093305295704
beca cubrir;0.0115407920066451
beca;0.15994442613837892
bancario;0.013448413905650469
bachillerato;0.02850124116191593
ayar ean;0.014730669293527131
ayar;0.010781130504017506
avanzado;0.15910424085843183
avance;0.013448413905650469
audiovisual;0.014250620580957964
aspiran;0.010781130504017506
asoramiento;0.014730669293527131
asor;0.05117185330653824
asegurar;0.01279296332663456
ascender;0.013105771413794966
artificial;0.010454084674947297
articulo reglamento;0.015284844861820778
articulo;0.01949381244630938
art hunidad grado;0.014730669293527131
art hunidad;0.04275186174287389
art;0.028862256139417952
area conocimiento;0.013105771413794966
area;0.01311405787254532
ar;0.009048910471458881
aprovechar;0.015284844861820778
aprendizaje;0.036716363275022736
aplicación;0.014250620580957964
ano;0.008289248968831287
ander;0.014730669293527131
analytics big;0.014730669293527131
analytics;0.01095653237046425
ana;0.014730669293527131
americo latino;0.04419200788058139
americo;0.04148156282249212
americano oea;0.014250620580957964
americano;0.014250620580957964
america;0.02351747809154349
ambiental;0.026896827811300938
alumno;0.06552885706897484
alto;0.011990756651327065
alianza;0.010154325695156754
alguno;0.008944699547847195
admion;0.01949381244630938
administrativo;0.02963294645396325
administran;0.021227779757217492
administracion empra mba;0.029461338587054263
administracion empra;0.04419200788058139
administracion direccion empra;0.014730669293527131
administracion direccion;0.013827187607497375
administracion;0.05493739574571205
adjuntar documento;0.01223878775834091
adjuntar;0.020308651390313508
adicional;0.02228186610591408
adelan;0.013448413905650469
ade;0.010781130504017506
acuerdo;0.030462977085470258
actualidad;0.013827187607497375
activo;0.02447757551668182
actividad;0.009266857510585523
acreditativo;0.014730669293527131
acreditar;0.014250620580957964
acepto;0.013827187607497375
acco;0.027468697872856024
academico;0.014905931941550259
academica;0.026896827811300938
