young;0.009768805827697676
year study;0.008923916919769433
year;0.01443553976385431
would like;0.004884402913848838
would;0.007183409678228086
worth;0.004014149293078166
world leader;0.0046554962697847166
world;0.005354787389897662
work;0.003276176914746391
woman;0.01105149978111078
wo;0.00552574989055539
winner;0.004884402913848838
win;0.01032912400810474
western;0.00516456200405237
welsh univerty;0.004294308383281697
welsh;0.004294308383281697
well;0.006287791344614987
welcoming;0.00552574989055539
welcome;0.004294308383281697
webte;0.008443483685001451
way;0.008028298586156331
want continue;0.00552574989055539
want;0.006048465465790772
waiver;0.004294308383281697
vit;0.003208294946248075
virtual;0.00616527820969278
view;0.003591704839114043
via;0.003347939908230026
use cooky;0.007369496364875645
use;0.011454946328415844
unless;0.0038944863536660586
univerty vit;0.00552574989055539
univerty uk;0.00552574989055539
univerty researcher;0.00552574989055539
univerty;0.025178033445407533
united kingdom;0.00516456200405237
united;0.0046554962697847166
ung;0.003347939908230026
ul;0.00516456200405237
ukraine;0.004884402913848838
uk government;0.004294308383281697
uk;0.00684810952502205
two;0.0029684230745546337
twitter instagram;0.0044619584598847165
twitter;0.005354787389897662
tuition;0.0025151669986277327
track;0.009310992539569433
top;0.003424054762511025
together;0.0038944863536660586
timely;0.004294308383281697
time march;0.00552574989055539
time;0.005628989123334301
three;0.004014149293078166
third;0.00516456200405237
thailand;0.00516456200405237
ter programme;0.003591704839114043
ter phd;0.00516456200405237
ter;0.003937241106383401
technology;0.003024232732895386
teaching learning;0.00552574989055539
teaching;0.011355727947042132
teachers;0.00552574989055539
teacher;0.01243929160655119
te work;0.00552574989055539
te;0.003208294946248075
taught;0.0031438956723074934
take;0.003208294946248075
tackling;0.004294308383281697
system;0.0028144945616671506
sustainability;0.0038944863536660586
survey;0.027628749452776952
supported;0.0044619584598847165
support researcher;0.00552574989055539
support;0.015561971810824981
summit;0.00552574989055539
successful candidate;0.00552574989055539
successful applicant;0.00552574989055539
successful;0.010775114517342128
success;0.00516456200405237
substantial;0.00516456200405237
submitted via;0.00516456200405237
submitted;0.0036847481824378225
submison application;0.004884402913848838
submison;0.003591704839114043
study student;0.00552574989055539
study bachelor;0.00552574989055539
study abroad;0.0038944863536660586
study;0.01548669838853002
students;0.002677393694948831
student staff;0.01717723353312679
student mobility;0.00552574989055539
student coming;0.00516456200405237
student apply;0.004014149293078166
student;0.038124883656830096
strategy;0.004146430535517063
strategic;0.00516456200405237
stipend;0.003276176914746391
step;0.007570485298028088
status;0.007010167117621024
statement;0.010272164287533076
start semester;0.00552574989055539
start;0.006048465465790772
staff student;0.01105149978111078
staff;0.02054432857506615
spot;0.00516456200405237
sport;0.004294308383281697
special;0.004146430535517063
spanish;0.00552574989055539
space;0.00552574989055539
south;0.0036847481824378225
solution;0.00516456200405237
smart;0.004146430535517063
sklodowskacurie;0.00552574989055539
show;0.003591704839114043
share share;0.004884402913848838
share facebook;0.0044619584598847165
share;0.023968383337577174
seven;0.00552574989055539
settings;0.00552574989055539
set;0.014020334235242049
september;0.043156947467849455
send;0.003591704839114043
seminar;0.0044619584598847165
semester;0.0038944863536660586
seed;0.00552574989055539
see privacy policy;0.00552574989055539
see privacy;0.00552574989055539
see;0.0031438956723074934
security;0.003505083558810512
sector;0.004014149293078166
secondary education;0.00552574989055539
secondary;0.00516456200405237
second;0.003785242649014044
science;0.005107602283480704
school;0.005829978056486744
scholars;0.004884402913848838
scheme;0.008028298586156331
say;0.01657724967166617
save;0.004014149293078166
rusa;0.0044619584598847165
road;0.00552574989055539
result;0.006695879816460052
response;0.004294308383281697
resources;0.01105149978111078
resource;0.003591704839114043
researcher;0.016380884573731953
research innovation;0.017847833839538866
research council;0.009310992539569433
research;0.03740866120763844
represented;0.00552574989055539
representative;0.004294308383281697
reporting;0.00552574989055539
report;0.03317144428413651
remember;0.00516456200405237
relation;0.008923916919769433
regulation;0.004884402913848838
registration;0.003208294946248075
receive student;0.00552574989055539
receive eur;0.00552574989055539
receive;0.009072698198686157
read;0.5753568826501347
reach;0.004884402913848838
rd;0.00552574989055539
ranking;0.004146430535517063
question;0.003424054762511025
quality;0.003591704839114043
purpose;0.004294308383281697
public sector;0.00516456200405237
public health;0.00516456200405237
public;0.009247917314539169
provided one;0.00552574989055539
provided;0.003347939908230026
provide;0.002914989028243372
proposed;0.004294308383281697
proposal;0.01105149978111078
proming;0.004884402913848838
project;0.014842115372773168
progress;0.004294308383281697
programmes;0.003208294946248075
programme erasmus;0.004294308383281697
programme aim;0.004014149293078166
programme;0.0536298239765474
prize;0.004146430535517063
privacy policy;0.002863736582103961
privacy;0.0025151669986277327
prevention;0.00552574989055539
prestigious;0.01032912400810474
preferences;0.004294308383281697
predent;0.01105149978111078
potive;0.009310992539569433
potion;0.003347939908230026
posted;0.00516456200405237
postdoctoral;0.004294308383281697
portal;0.004014149293078166
political;0.003785242649014044
policy;0.004882584256279679
point;0.0046554962697847166
pm;0.003347939908230026
pledge;0.00516456200405237
platform;0.00516456200405237
place;0.007369496364875645
phycs;0.00516456200405237
photo;0.004146430535517063
phd level;0.00552574989055539
phd;0.0027671111804787375
pharmacy;0.00552574989055539
person;0.004884402913848838
period;0.003785242649014044
performance;0.01105149978111078
people;0.006695879816460052
passport;0.0036847481824378225
pas;0.004884402913848838
partnership;0.02336691812199635
partner country;0.00552574989055539
partner;0.007183409678228086
participation;0.0044619584598847165
participate;0.004884402913848838
participant;0.00552574989055539
pandemic;0.01032912400810474
palestinian;0.00516456200405237
palestine;0.01549368601215711
page;0.0027671111804787375
pacific;0.00552574989055539
outde;0.004014149293078166
organisation;0.0046554962697847166
optional;0.008292861071034127
opportunity study;0.0038944863536660586
opportunity;0.0027671111804787375
open student;0.0046554962697847166
open science;0.00552574989055539
open door;0.00552574989055539
open;0.011257978246668602
online;0.004610857654798993
one year;0.007788972707332117
one;0.005107602283480704
old;0.004294308383281697
office;0.009431687016922478
offer place;0.004146430535517063
offer;0.005936846149109267
october;0.03684748182437823
number;0.009624884838744225
november;0.017120273812555126
north;0.004294308383281697
noneueea;0.00552574989055539
non;0.00552574989055539
next;0.006287791344614987
newsletter;0.008588616766563395
news;0.009431687016922478
new;0.04503191298667441
network;0.007369496364875645
need;0.002721451218343371
necessary cooky necessary;0.004294308383281697
necessary cooky enable;0.004294308383281697
necessary cooky;0.011683459060998175
necessary;0.010272164287533076
nearly;0.01105149978111078
natural;0.007570485298028088
national agency;0.01657724967166617
national;0.02008763944938016
must;0.002553801141740352
mundus programme;0.00552574989055539
mundus;0.018926213245070222
multicultural;0.00552574989055539
muc;0.004884402913848838
morocco;0.0046554962697847166
module;0.004294308383281697
mobility erasmus;0.00552574989055539
mobility;0.0456107358906877
minister;0.01105149978111078
million;0.024422014569244192
mic;0.00516456200405237
menu;0.0021257642037721867
men;0.00552574989055539
measure;0.004014149293078166
may;0.04819308650907895
matter;0.00516456200405237
marie sklodowskacurie;0.00552574989055539
marie;0.00552574989055539
march;0.06813436768225278
map;0.0036847481824378225
management;0.002863736582103961
make te work;0.00552574989055539
make te;0.00552574989055539
make;0.003347939908230026
major;0.004294308383281697
living;0.002914989028243372
link;0.0027671111804787375
like;0.008588616766563395
life;0.003024232732895386
level;0.002721451218343371
lebanon;0.0044619584598847165
learning teaching;0.00552574989055539
learning;0.00641658989249615
learner;0.01657724967166617
leading;0.0038944863536660586
leader;0.010515250676431538
launch;0.03864877544953528
latest news;0.00552574989055539
latest;0.016056597172312663
language;0.005727473164207922
knowledge;0.003785242649014044
know;0.0044619584598847165
kingdom;0.00516456200405237
key;0.017847833839538866
kevin;0.00552574989055539
june;0.08260921129962298
july;0.04017527889876032
jordan;0.0046554962697847166
joint initiative;0.00552574989055539
joint;0.013385875379654149
jean;0.00552574989055539
japan;0.00516456200405237
january;0.021030501352863076
issue;0.01549368601215711
israel;0.00552574989055539
irish;0.07300324251578887
ireland;0.11604074770166319
investment;0.00552574989055539
internationalisation;0.014653208741546513
international student apply;0.00516456200405237
international student;0.003024232732895386
international education;0.02065824801620948
international;0.025010062566905026
institution application;0.00552574989055539
institution;0.011873692298218535
institute;0.010272164287533076
instagram;0.003276176914746391
innovation;0.0256663595699846
initiative;0.019537611655395352
information cooky use;0.00552574989055539
information cooky;0.00516456200405237
information;0.008970560860430611
info;0.01243929160655119
increase;0.009768805827697676
incoming;0.0044619584598847165
incluve;0.008028298586156331
incluon;0.01032912400810474
improving;0.004884402913848838
improve webte;0.004294308383281697
improve;0.007183409678228086
impact;0.004014149293078166
identify;0.004294308383281697
huge;0.00552574989055539
horizon;0.02210299956222156
home news;0.00516456200405237
home;0.00518732393694166
highest;0.00516456200405237
higher education institution;0.01549368601215711
higher education;0.0513327191399692
higher;0.049554813480137315
high;0.009828530744239172
helping;0.00516456200405237
help improve webte;0.004294308383281697
help improve;0.008588616766563395
help;0.006287791344614987
health research;0.00552574989055539
health;0.002914989028243372
guide;0.003591704839114043
guidance;0.003785242649014044
grow;0.004884402913848838
group;0.003785242649014044
graphic;0.00516456200405237
grant;0.003024232732895386
government;0.02374738459643707
governance;0.00552574989055539
google analytics;0.004146430535517063
google;0.007010167117621024
go;0.0036847481824378225
global partnership;0.00552574989055539
global;0.013174149690199203
get;0.003024232732895386
georgia;0.0044619584598847165
future;0.009624884838744225
funding;0.03143895672307493
fund study;0.004294308383281697
fund;0.010272164287533076
functionality;0.004014149293078166
full;0.008744967084730116
freedom;0.008292861071034127
fourth;0.00552574989055539
four;0.004294308383281697
forum;0.00516456200405237
food;0.009768805827697676
follow;0.004146430535517063
focus;0.003785242649014044
five;0.00552574989055539
first time;0.00552574989055539
first;0.005727473164207922
finland;0.01032912400810474
finance;0.003424054762511025
film;0.00516456200405237
field study;0.004014149293078166
field;0.003024232732895386
fellowship;0.008923916919769433
fee waiver;0.0046554962697847166
fee;0.002677393694948831
february;0.09633958303387598
facebook;0.002477686287459354
face;0.004014149293078166
extremely;0.00552574989055539
external;0.004884402913848838
extended;0.01105149978111078
experience;0.0026348299380398402
executive;0.0044619584598847165
exciting;0.00516456200405237
events;0.00516456200405237
event;0.00684810952502205
european country;0.0046554962697847166
european;0.06813436768225278
europe read;0.02210299956222156
europe;0.04053223000681604
eur;0.024535584911673586
eueea;0.00552574989055539
eu;0.07737971183119427
erasmus programme;0.03864877544953528
erasmus mundus programme;0.00552574989055539
erasmus mundus;0.018926213245070222
erasmus;0.16662647063229713
environment;0.00684810952502205
enter;0.003785242649014044
enquiry;0.004014149293078166
engagement;0.0038944863536660586
enable core functionality;0.004294308383281697
enable core;0.004294308383281697
enable;0.008292861071034127
email;0.0052696598760796805
eligible;0.00518732393694166
education research;0.01032912400810474
education programme;0.004884402913848838
education institution;0.013966488809354149
education culture;0.00552574989055539
education;0.07042467596157652
edition;0.00552574989055539
economy;0.0046554962697847166
early;0.004884402913848838
double;0.01032912400810474
door;0.00552574989055539
dominion;0.00552574989055539
doe;0.003276176914746391
disability;0.00516456200405237
directly;0.003505083558810512
digital;0.005829978056486744
difficulty;0.004146430535517063
device;0.004884402913848838
develop new;0.00516456200405237
develop;0.010775114517342128
detailed;0.00516456200405237
degree student;0.00552574989055539
degree;0.0025151669986277327
degn;0.003591704839114043
declaration;0.00552574989055539
december;0.03505037718299452
deadline may;0.00552574989055539
deadline;0.01580897962823904
day;0.02054432857506615
data;0.00641658989249615
culture;0.009828530744239172
cris;0.0046554962697847166
covid;0.009072698198686157
course;0.002677393694948831
country;0.013174149690199203
council;0.01717723353312679
cost;0.00308263910484639
coronavirus research;0.01105149978111078
coronavirus;0.012042447879234497
core functionality;0.004294308383281697
core;0.004146430535517063
cooperation;0.0044619584598847165
cooky use;0.01032912400810474
cooky necessary cooky;0.004146430535517063
cooky necessary;0.004014149293078166
cooky help improve;0.008588616766563395
cooky help;0.008292861071034127
cooky enable core;0.004294308383281697
cooky enable;0.004294308383281697
cooky collect;0.00552574989055539
cooky;0.03855591914691563
cookie;0.003785242649014044
continue;0.0038944863536660586
continuation;0.00552574989055539
contact;0.0023054288273994966
consultation;0.00552574989055539
connected;0.004884402913848838
confirms;0.00552574989055539
conference;0.0046554962697847166
concept;0.00516456200405237
competition;0.009768805827697676
commitment;0.004146430535517063
commison;0.037317874819653575
coming;0.0036847481824378225
combat;0.004294308383281697
college;0.00308263910484639
collect;0.00552574989055539
colleague;0.00552574989055539
collaboration;0.008292861071034127
coheon;0.00552574989055539
close;0.003276176914746391
climate;0.004014149293078166
click;0.0044619584598847165
clear;0.004294308383281697
classroom;0.004884402913848838
class;0.003591704839114043
city;0.003276176914746391
citizen living;0.00516456200405237
citizen;0.00308263910484639
chosen;0.0038944863536660586
chinese;0.01105149978111078
check;0.00308263910484639
changing brow;0.004294308383281697
changing;0.004146430535517063
challenge;0.0038944863536660586
career;0.003591704839114043
capital;0.00516456200405237
candidate;0.002914989028243372
campus;0.0028144945616671506
call proposal;0.00552574989055539
call;0.07010075436598905
budget;0.024422014569244192
brow;0.004014149293078166
brexit;0.01105149978111078
bn;0.00552574989055539
blockchain;0.0046554962697847166
bia;0.004884402913848838
best;0.003424054762511025
benefit;0.009624884838744225
beneficiary;0.00552574989055539
behalf;0.00552574989055539
bachelor ter;0.0046554962697847166
bachelor;0.003347939908230026
awardees;0.00516456200405237
awarded;0.005936846149109267
award;0.006048465465790772
avenue;0.00516456200405237
authority;0.02327748134892358
august;0.059586420499778706
attend;0.003591704839114043
asked question;0.004014149293078166
asked;0.003505083558810512
article;0.7122909292770617
april;0.03006015868297188
approach;0.00552574989055539
apply;0.0022123854840757173
application submitted;0.004884402913848838
application deadline;0.003591704839114043
application;0.006820926154610461
applicant;0.002553801141740352
applicable;0.0044619584598847165
app;0.00516456200405237
anyone;0.00552574989055539
annual report;0.0046554962697847166
annual;0.0038944863536660586
announces;0.00552574989055539
announced;0.008923916919769433
analytics cooky;0.01717723353312679
analytics;0.01473899272975129
among winner;0.00552574989055539
among;0.01717723353312679
american;0.00552574989055539
also;0.002677393694948831
alliance;0.009310992539569433
aim;0.010515250676431538
agriculture;0.009310992539569433
agency;0.01717723353312679
african;0.004014149293078166
advanced;0.0036847481824378225
address;0.003276176914746391
action;0.032113194344625326
according;0.018926213245070222
access;0.003505083558810512
accesbility;0.003276176914746391
academic mobility;0.01549368601215711
academic;0.012206460640699196
abroad;0.003208294946248075
able;0.003347939908230026
aa;0.003785242649014044
