chevening;0.451001095003799
unido;0.3906123661575733
reino unido;0.3906123661575733
reino;0.3906123661575733
solicitud;0.2463394394335771
ser;0.1970798760991362
poder;0.13041499734718787
pais;0.1066764717683993
lista;0.09245049121723997
solicitante;0.07628973853744149
seleccion;0.074067578097518
enviar;0.06972885909128418
referencia;0.06935430776131045
limite;0.06733416190683454
rojo;0.06214287643415939
pagina;0.06076027657848223
entrevista;0.059267155534250805
embajada;0.05883213077460725
informacion;0.05796222104319461
fecha limite;0.05548344620904836
elegible;0.05548344620904836
fecha;0.05401195312781045
documento;0.051700391723097705
incondicional;0.05042754066394907
enviar solicitud;0.05042754066394907
dos;0.05017491077933224
proceso seleccion;0.050111232778199885
oferta;0.047133913334784186
elegibilidad;0.046148524537746774
cronograma;0.046148524537746774
