obligatorio;0.5018260794949332
necesidad;0.23279227195646174
seguridad;0.1980809227343317
ciberseguridad;0.17714585672179994
activo;0.17714585672179994
profesional;0.17650402598232562
mercado;0.1473416032033165
empresa;0.13697896487083913
master;0.12581846848422468
universitario ciberseguridad;0.1133759329492803
optativo;0.1133759329492803
estudio;0.1108932873356911
identificar;0.10733567701894534
infraestructura;0.10240042857386757
forense;0.09822773546887767
entorno;0.09461318429123494
sistema;0.0910533572291804
desarrollo;0.0910533572291804
competencia;0.08857292836089997
haber;0.08825201299116281
principal;0.0836376799158222
plan estudio;0.0836376799158222
herramienta;0.0836376799158222
universitario;0.08199297333367794
seguro;0.08147100990964148
master universitario;0.08147100990964148
gobierno;0.07946498681083229
real;0.07585043563318956
conocer;0.07420939232589092
necesario;0.07266217554040946
security;0.06848948243541957
sector;0.06848948243541957
tipo;0.06376992377251964
ciencia;0.05883467532744186
total credito plan;0.05668796647464015
tipo materia obligatorio;0.05668796647464015
tfg total credito;0.05668796647464015
tfg total;0.05668796647464015
tfg;0.05668796647464015
tendencia;0.05668796647464015
sera;0.05668796647464015
requisito ayuda;0.05668796647464015
requerir alumno universitario;0.05668796647464015
requerir alumno;0.05668796647464015
relevante;0.05668796647464015
programa antiguo consulta;0.05668796647464015
programa antiguo;0.05668796647464015
procedente;0.05668796647464015
organismo;0.05668796647464015
normativa;0.05668796647464015
mercado laboral;0.05668796647464015
materia obligatorio;0.05668796647464015
mantenimiento;0.05668796647464015
malware;0.05668796647464015
licenciado;0.05668796647464015
habilidad necesario;0.05668796647464015
grande;0.05668796647464015
formar parte programa;0.05668796647464015
er tipo;0.05668796647464015
credito plan estudio;0.05668796647464015
credito plan;0.05668796647464015
consulta asesor conocer;0.05668796647464015
consulta asesor;0.05668796647464015
conocimiento habilidad;0.05668796647464015
conocer condicion requisito;0.05668796647464015
conocer condicion;0.05668796647464015
condicion requisito ayuda;0.05668796647464015
condicion requisito;0.05668796647464015
auditor;0.05668796647464015
asesor conocer condicion;0.05668796647464015
asesor conocer;0.05668796647464015
asegurar;0.05668796647464015
antiguo consulta asesor;0.05668796647464015
antiguo consulta;0.05668796647464015
alumno universitario;0.05668796647464015
tener;0.05466198222245196
verificar;0.05366783850947267
total credito;0.05366783850947267
tipo materia;0.05366783850947267
profesional especializado;0.05366783850947267
plan estudio asignatura;0.05366783850947267
parte programa;0.05366783850947267
gracias;0.05366783850947267
fuente;0.05366783850947267
fin master;0.05366783850947267
estudio tipo materia;0.05366783850947267
estudio tipo;0.05366783850947267
estudio asignatura;0.05366783850947267
er;0.05366783850947267
doctor;0.05366783850947267
claustro;0.05366783850947267
amenaza;0.05366783850947267
accion;0.05366783850947267
plan;0.053157766120266535
programa;0.05243588535498804
ser;0.051732756876183374
sector privado;0.05120021428693378
presencia;0.05120021428693378
notificar;0.05120021428693378
graduado;0.05120021428693378
demandar;0.05120021428693378
cumplimiento;0.05120021428693378
superar;0.049113867734438835
necesitar;0.049113867734438835
mining;0.049113867734438835
formar parte;0.049113867734438835
evento;0.049113867734438835
digital programa;0.049113867734438835
desarrollado;0.049113867734438835
auditoria;0.049113867734438835
materia;0.04730659214561747
haber convertir;0.04730659214561747
experto;0.04730659214561747
especializado;0.04730659214561747
antiguo;0.04730659214561747
habilidad;0.04571246209922742
convertir;0.04571246209922742
capaz;0.04571246209922742
asignatura;0.04571246209922742
seminario;0.044286464180449986
respuesta;0.044286464180449986
consulta;0.044286464180449986
ciencia dato;0.044286464180449986
saber;0.042996492152592186
permitir;0.042996492152592186
desarrollar;0.042996492152592186
campo;0.042996492152592186
asesor;0.042996492152592186
valor;0.0418188399579111
formar;0.0418188399579111
cybersecurity;0.0418188399579111
aprendizaje;0.0418188399579111
sociedad;0.04073550495482074
poner;0.04073550495482074
mantener;0.04073550495482074
requerir;0.039732493405416146
manera;0.039732493405416146
dentro;0.039732493405416146
bien;0.039732493405416146
trabajar;0.038798711992743616
riesgo;0.038798711992743616
detallar;0.038798711992743616
privado;0.03792521781659478
fin;0.03792521781659478
negocio;0.03633108777020473
laboral;0.03633108777020473
ingreso;0.03633108777020473
alumno;0.03633108777020473
datar;0.0349050898514273
condicion;0.0349050898514273
cubrir;0.0336151178235695
credito;0.0336151178235695
conocimiento;0.0336151178235695
aplicar;0.0336151178235695
perfil;0.03301348712238862
parte;0.03243746562888842
institucion;0.03243746562888842
dato;0.03243746562888842
obtener;0.03188496188625982
ayuda;0.03135413062579806
academico;0.03135413062579806
digital;0.03084333558249836
mas;0.029876176934115636
total;0.02897354504548319
realizar;0.028127365635863134
requisito;0.026578883060133267
