ys;0.07673506257820792
youtube;0.021892258340023302
ximum;0.02606139959887703
would;0.023524021100235618
wishing;0.05543166078847458
wiout;0.05115670838547194
wiin;0.08316601132973388
whose;0.026575630207177344
well;0.02079150283243347
welcome;0.026575630207177344
visa;0.017822097347573014
us;0.05688689260389889
un;0.07673506257820792
type;0.050245853739275634
two;0.0575077957453997
twit linkedin;0.029806298736791855
twit instagram;0.02771583039423729
twit;0.03273878802006698
tuin;0.015938596718852054
travel;0.042645773930155596
training;0.04566146213852503
time student;0.029046885430225433
time;0.01764697361724025
taught;0.020538535268887215
taking;0.025122926869637817
tablished;0.025122926869637817
sysm;0.018962297534632962
sur;0.025122926869637817
suprt;0.016518329355310155
submitd;0.04633967589446012
submit;0.07348727747435548
subject;0.019381752747058775
study;0.014188637914066275
students eligible;0.033876459729242143
students;0.4245651221184309
student;0.08446318925794913
st;0.017475616282146784
srt;0.06567677502006991
specifically;0.032648216558183014
sonal;0.01636939401003349
skills;0.029806298736791855
share;0.021322886965077798
sepmber;0.020293352570621107
sent;0.05212279919775406
selecn;0.061615605806661644
selecd;0.06567677502006991
see;0.019824522706128393
scope;0.032648216558183014
schools;0.03064579119962763
school;0.018001156770245805
scholarships;0.13273608274243073
scholarship student;0.022830731069262516
scholarship selecn;0.033876459729242143
scholarship call;0.032648216558183014
scholarship arded one;0.032648216558183014
scholarship arded;0.04778936739715737
scholarship amount;0.032648216558183014
scholarship;0.2910366567584482
sch menu;0.02771583039423729
sch;0.016518329355310155
safy;0.032648216558183014
rults;0.031584263928866846
rult;0.021892258340023302
roughout;0.03064579119962763
rnd;0.02771583039423729
right;0.019824522706128393
rerence;0.04856686881360408
required;0.04058670514124221
rejecd;0.029046885430225433
regis;0.02771583039423729
refused;0.029046885430225433
recondan;0.05670719079850466
receiving;0.04938425915691277
received;0.027125352228193195
receive scholarship;0.032648216558183014
receive;0.019381752747058775
receipt;0.058093770860450866
re;0.05670719079850466
rcher;0.021892258340023302
rch rch;0.026575630207177344
rch;0.08935281925309603
pursue;0.02835359539925233
ps;0.03064579119962763
provided;0.06567677502006991
provide;0.019169265248466568
promo;0.02606139959887703
project;0.037521140153624455
profsor;0.032648216558183014
procs;0.02105276587718753
procedure;0.04320497579640677
prior;0.029806298736791855
print;0.02771583039423729
previously;0.032648216558183014
plan;0.015800022635087986
placement;0.027125352228193195
phd;0.018001156770245805
pecially;0.033876459729242143
pdf;0.022505469214727052
partners;0.029806298736791855
panel;0.029046885430225433
paid;0.021322886965077798
origin;0.05543166078847458
organisan;0.029806298736791855
online applican form;0.05115670838547194
online applican;0.045010938429454105
online;0.043597876598269025
one following;0.08314749118271186
one;0.08111595789085409
number;0.020293352570621107
notice;0.02606139959887703
no;0.017822097347573014
nly;0.033876459729242143
newsl;0.02606139959887703
news;0.020055489862746155
newly;0.02771583039423729
need;0.017143576197529733
ndatory;0.05543166078847458
nanality;0.050245853739275634
mundus;0.04938425915691277
motivan;0.02835359539925233
mobility;0.20332819801157803
menu;0.013138725480418974
mentoring;0.032648216558183014
member;0.024692129578456384
medio;0.021892258340023302
ls;0.08137605668457959
living;0.037924595069265925
linkedin;0.047048042200471235
link eil;0.06529643311636603
link;0.03600231354049161
li;0.03674363873717774
level;0.05242684884644035
legal;0.03920012507929601
lead;0.06529643311636603
latt;0.025122926869637817
language;0.018962297534632962
languag;0.033876459729242143
laboratory;0.029806298736791855
ke;0.02105276587718753
kb;0.032648216558183014
june;0.047048042200471235
joint;0.05543166078847458
join;0.024692129578456384
iod;0.07168405109573604
invitan;0.033876459729242143
institut;0.08941889621037556
instituns;0.027125352228193195
institun;0.07504228030724891
instagram;0.020055489862746155
innship;0.20332819801157803
informed;0.06775291945848429
home;0.01667010173425766
higher educan institun;0.06529643311636603
higher educan;0.061615605806661644
higher;0.0551154581057666
heal;0.01837181936858887
gradua school;0.027125352228193195
gradua;0.01818433286001114
go;0.02428343440680204
gn;0.03334020346851532
funding;0.04011097972549231
funded;0.02316983794723006
full;0.01856382405646565
france;0.10424559839550812
framework;0.06129158239925526
form;0.10384720043563621
foreign;0.042645773930155596
for;0.022192966064247473
following;0.09000578385122902
follow;0.02557835419273597
financial suprt;0.031584263928866846
financial;0.019824522706128393
fields;0.06775291945848429
facebook twit linkedin;0.029806298736791855
facebook twit;0.022192966064247473
facebook;0.03053727700488731
expens;0.06529643311636603
exchange;0.050245853739275634
except;0.06529643311636603
evaluan;0.04938425915691277
eur;0.10630252082870938
erasmus mundus;0.04938425915691277
erasmus;0.04320497579640677
ent;0.09409608440094247
ensure;0.022830731069262516
enrolled;0.16629498236542373
end;0.02428343440680204
eligible apply;0.029046885430225433
eligible;0.049554988065930464
eligibility;0.037521140153624455
eil;0.11669071213980362
eg;0.024692129578456384
educan sysm;0.032648216558183014
educan institun;0.058093770860450866
educan educan;0.032648216558183014
educan;0.07969298359426027
eaer;0.032648216558183014
duran;0.022505469214727052
due;0.026575630207177344
ds;0.027125352228193195
double;0.032648216558183014
doctoral;0.022505469214727052
dk;0.032648216558183014
director;0.03064579119962763
develop;0.02316983794723006
depending;0.05212279919775406
delivered;0.08941889621037556
decion;0.02316983794723006
deadline;0.050947814654211714
de;0.021892258340023302
currently;0.027125352228193195
cultur;0.02835359539925233
criio;0.10395751416216735
covid;0.019169265248466568
cours;0.022830731069262516
cour;0.09193737359888289
country origin;0.02835359539925233
country;0.03396520976947447
coronavirus covid;0.02835359539925233
coronavirus;0.025122926869637817
coordinator;0.032648216558183014
continued;0.031584263928866846
contact us;0.06529643311636603
contact;0.0432489152628772
conforme;0.032648216558183014
confirming;0.033876459729242143
confirion;0.033876459729242143
condered;0.02079150283243347
complion;0.02316983794723006
comple submit;0.02835359539925233
comple online applican;0.02835359539925233
comple online;0.02835359539925233
comple;0.08117341028248443
clong;0.026575630207177344
class;0.022830731069262516
certifican;0.05961259747358371
case;0.022505469214727052
carried;0.05115670838547194
cannot;0.022830731069262516
candidat;0.02771583039423729
candida;0.11256342046087335
campus;0.07200462708098322
call;0.024692129578456384
based;0.02079150283243347
autoically;0.13030699799438514
associad;0.09794464967454904
asked;0.022505469214727052
arts;0.031584263928866846
article;0.058093770860450866
arrival;0.027125352228193195
arded one;0.03064579119962763
arded;0.09380285038406114
applying;0.05880018761894402
apply;0.042231594628974564
applicants;0.023524021100235618
applicans;0.050245853739275634
applican procedure;0.027125352228193195
applican form;0.04011097972549231
applican comple;0.031584263928866846
applican;0.10091413561338013
announcement;0.031584263928866846
amount;0.08137605668457959
also;0.017143576197529733
aimed;0.02835359539925233
aid;0.027125352228193195
ai;0.029046885430225433
age;0.022830731069262516
ag;0.05315126041435469
advance;0.03064579119962763
admitd;0.09267935178892024
admisons;0.06129158239925526
admison;0.09481148767316482
accs;0.022192966064247473
accredid;0.026575630207177344
account;0.021322886965077798
accoodan;0.021892258340023302
accept;0.02316983794723006
accepd;0.025122926869637817
accbility;0.08316601132973388
academic mobility;0.033876459729242143
academic;0.12531053964362612
abroad;0.042645773930155596
able;0.021602487898203383
