diseno;0.32118041703663613
ingenieria;0.3118251035895116
gestion;0.31044305718334597
accion;0.2919129875162253
internacional;0.2626574353176184
organismo;0.2569501913595021
infraestructura;0.18566063560682572
octubre;0.16059020851831807
voz;0.15417011481570123
mantenimiento;0.15417011481570123
seguridad;0.14964060912887175
proyecto;0.1290891437594135
direccion;0.12657175869248594
estructura;0.11693441384606684
informacion;0.11005829052828221
septiembre;0.10551801827815661
cuatro;0.10278007654380082
agua;0.10278007654380082
abrir;0.10278007654380082
compartir;0.0973043291720751
form;0.0963795248006052
euros;0.08904759508997322
frente;0.08577085163088477
arquitectura;0.08577085163088477
utilizar;0.0828805590630249
noviembre;0.0779562758973779
medio;0.0779562758973779
ser;0.07034689691066906
formacion;0.07034534551877107
resultado;0.0687616267179687
maestria;
master;
virtual;
online;
oij;
eadic;
parcial;
partial;
